/**
 * @author Christopher Gedler <cgedler@gmail.com>
 * Created: Apr 1, 2024
 */

INSERT INTO `category` (`description`) VALUES ('Acer');
INSERT INTO `category` (`description`) VALUES ('Allview');
INSERT INTO `category` (`description`) VALUES ('Apple');
INSERT INTO `category` (`description`) VALUES ('Archos');
INSERT INTO `category` (`description`) VALUES ('Asus');
INSERT INTO `category` (`description`) VALUES ('BLU');
INSERT INTO `category` (`description`) VALUES ('BlackBerry');
INSERT INTO `category` (`description`) VALUES ('Celkon');
INSERT INTO `category` (`description`) VALUES ('Ericsson');
INSERT INTO `category` (`description`) VALUES ('Gigabyte');
INSERT INTO `category` (`description`) VALUES ('Gionee');
INSERT INTO `category` (`description`) VALUES ('HP');
INSERT INTO `category` (`description`) VALUES ('HTC');
INSERT INTO `category` (`description`) VALUES ('Haier');
INSERT INTO `category` (`description`) VALUES ('Honor');
INSERT INTO `category` (`description`) VALUES ('Huawei');
INSERT INTO `category` (`description`) VALUES ('Icemobile');
INSERT INTO `category` (`description`) VALUES ('Infinix');
INSERT INTO `category` (`description`) VALUES ('Karbonn');
INSERT INTO `category` (`description`) VALUES ('Kyocera');
INSERT INTO `category` (`description`) VALUES ('LG');
INSERT INTO `category` (`description`) VALUES ('Lava');
INSERT INTO `category` (`description`) VALUES ('LeEco');
INSERT INTO `category` (`description`) VALUES ('Lenovo');
INSERT INTO `category` (`description`) VALUES ('Maxon');
INSERT INTO `category` (`description`) VALUES ('Maxwest');
INSERT INTO `category` (`description`) VALUES ('Meizu');
INSERT INTO `category` (`description`) VALUES ('Micromax');
INSERT INTO `category` (`description`) VALUES ('Microsoft');
INSERT INTO `category` (`description`) VALUES ('Mitac');
INSERT INTO `category` (`description`) VALUES ('Mitsubishi');
INSERT INTO `category` (`description`) VALUES ('Motorola');
INSERT INTO `category` (`description`) VALUES ('NEC');
INSERT INTO `category` (`description`) VALUES ('Nokia');
INSERT INTO `category` (`description`) VALUES ('O2');
INSERT INTO `category` (`description`) VALUES ('OnePlus');
INSERT INTO `category` (`description`) VALUES ('Oppo');
INSERT INTO `category` (`description`) VALUES ('Orange');
INSERT INTO `category` (`description`) VALUES ('Palm');
INSERT INTO `category` (`description`) VALUES ('Panasonic');
INSERT INTO `category` (`description`) VALUES ('Pantech');
INSERT INTO `category` (`description`) VALUES ('Parla');
INSERT INTO `category` (`description`) VALUES ('Philips');
INSERT INTO `category` (`description`) VALUES ('Plum');
INSERT INTO `category` (`description`) VALUES ('Posh');
INSERT INTO `category` (`description`) VALUES ('Prestigio');
INSERT INTO `category` (`description`) VALUES ('QMobile');
INSERT INTO `category` (`description`) VALUES ('Qtek');
INSERT INTO `category` (`description`) VALUES ('Realme');
INSERT INTO `category` (`description`) VALUES ('Sagem');
INSERT INTO `category` (`description`) VALUES ('Samsung');
INSERT INTO `category` (`description`) VALUES ('Sendo');
INSERT INTO `category` (`description`) VALUES ('Sewon');
INSERT INTO `category` (`description`) VALUES ('Sharp');
INSERT INTO `category` (`description`) VALUES ('Siemens');
INSERT INTO `category` (`description`) VALUES ('Sony');
INSERT INTO `category` (`description`) VALUES ('Spice');
INSERT INTO `category` (`description`) VALUES ('T-Mobile');
INSERT INTO `category` (`description`) VALUES ('TCL');
INSERT INTO `category` (`description`) VALUES ('Tecno');
INSERT INTO `category` (`description`) VALUES ('Telit');
INSERT INTO `category` (`description`) VALUES ('Toshiba');
INSERT INTO `category` (`description`) VALUES ('Ulefone');
INSERT INTO `category` (`description`) VALUES ('Unnecto');
INSERT INTO `category` (`description`) VALUES ('VK');
INSERT INTO `category` (`description`) VALUES ('Vertu');
INSERT INTO `category` (`description`) VALUES ('Vodafone');
INSERT INTO `category` (`description`) VALUES ('Wiko');
INSERT INTO `category` (`description`) VALUES ('XCute');
INSERT INTO `category` (`description`) VALUES ('XOLO');
INSERT INTO `category` (`description`) VALUES ('Xiaomi');
INSERT INTO `category` (`description`) VALUES ('YU');
INSERT INTO `category` (`description`) VALUES ('Yezz');
INSERT INTO `category` (`description`) VALUES ('Yota');
INSERT INTO `category` (`description`) VALUES ('ZTE');
INSERT INTO `category` (`description`) VALUES ('alcatel');
INSERT INTO `category` (`description`) VALUES ('i-mate');
INSERT INTO `category` (`description`) VALUES ('i-mobile');
INSERT INTO `category` (`description`) VALUES ('verykool');
INSERT INTO `category` (`description`) VALUES ('vivo');

INSERT INTO `items`(`id`, `description`, `category_id`, `price_id`, `stock_id`) VALUES ('10000','Acer Iconia One 7 B1-730', '1', '10000', '10000');
INSERT INTO `price`(`id`, `price`) VALUES ('10000','28');
INSERT INTO `stock`(`id`, `quantity`) VALUES ('10000','9');
INSERT INTO `items`(`id`, `description`, `category_id`, `price_id`, `stock_id`) VALUES ('10001','Acer Liquid Jade Z', '1', '10001', '10001');
INSERT INTO `price`(`id`, `price`) VALUES ('10001','4');
INSERT INTO `stock`(`id`, `quantity`) VALUES ('10001','1');
INSERT INTO `items`(`id`, `description`, `category_id`, `price_id`, `stock_id`) VALUES ('10002','Acer Liquid M220', '1', '10002', '10002');
INSERT INTO `price`(`id`, `price`) VALUES ('10002','81');
INSERT INTO `stock`(`id`, `quantity`) VALUES ('10002','82');
INSERT INTO `items`(`id`, `description`, `category_id`, `price_id`, `stock_id`) VALUES ('10003','Acer Liquid Z2', '1', '10003', '10003');
INSERT INTO `price`(`id`, `price`) VALUES ('10003','98');
INSERT INTO `stock`(`id`, `quantity`) VALUES ('10003','33');
INSERT INTO `items`(`id`, `description`, `category_id`, `price_id`, `stock_id`) VALUES ('10004','Acer Liquid Z330', '1', '10004', '10004');
INSERT INTO `price`(`id`, `price`) VALUES ('10004','71');
INSERT INTO `stock`(`id`, `quantity`) VALUES ('10004','13');
INSERT INTO `items`(`id`, `description`, `category_id`, `price_id`, `stock_id`) VALUES ('10005','Acer M900', '1', '10005', '10005');
INSERT INTO `price`(`id`, `price`) VALUES ('10005','83');
INSERT INTO `stock`(`id`, `quantity`) VALUES ('10005','92');
INSERT INTO `items`(`id`, `description`, `category_id`, `price_id`, `stock_id`) VALUES ('10006','Acer Stream', '1', '10006', '10006');
INSERT INTO `price`(`id`, `price`) VALUES ('10006','12');
INSERT INTO `stock`(`id`, `quantity`) VALUES ('10006','21');
INSERT INTO `items`(`id`, `description`, `category_id`, `price_id`, `stock_id`) VALUES ('10007','Acer neoTouch', '1', '10007', '10007');
INSERT INTO `price`(`id`, `price`) VALUES ('10007','80');
INSERT INTO `stock`(`id`, `quantity`) VALUES ('10007','99');
INSERT INTO `items`(`id`, `description`, `category_id`, `price_id`, `stock_id`) VALUES ('20008','Allview A10 Lite 2019', '2', '20008', '20008');
INSERT INTO `price`(`id`, `price`) VALUES ('20008','66');
INSERT INTO `stock`(`id`, `quantity`) VALUES ('20008','74');
INSERT INTO `items`(`id`, `description`, `category_id`, `price_id`, `stock_id`) VALUES ('20009','Allview C5 Smiley', '2', '20009', '20009');
INSERT INTO `price`(`id`, `price`) VALUES ('20009','74');
INSERT INTO `stock`(`id`, `quantity`) VALUES ('20009','87');
INSERT INTO `items`(`id`, `description`, `category_id`, `price_id`, `stock_id`) VALUES ('200010','Allview M6 Stark', '2', '200010', '200010');
INSERT INTO `price`(`id`, `price`) VALUES ('200010','73');
INSERT INTO `stock`(`id`, `quantity`) VALUES ('200010','81');
INSERT INTO `items`(`id`, `description`, `category_id`, `price_id`, `stock_id`) VALUES ('200011','Allview P5 Symbol', '2', '200011', '200011');
INSERT INTO `price`(`id`, `price`) VALUES ('200011','41');
INSERT INTO `stock`(`id`, `quantity`) VALUES ('200011','67');
INSERT INTO `items`(`id`, `description`, `category_id`, `price_id`, `stock_id`) VALUES ('200012','Allview P7 Pro', '2', '200012', '200012');
INSERT INTO `price`(`id`, `price`) VALUES ('200012','82');
INSERT INTO `stock`(`id`, `quantity`) VALUES ('200012','66');
INSERT INTO `items`(`id`, `description`, `category_id`, `price_id`, `stock_id`) VALUES ('200013','Allview P9 Energy', '2', '200013', '200013');
INSERT INTO `price`(`id`, `price`) VALUES ('200013','43');
INSERT INTO `stock`(`id`, `quantity`) VALUES ('200013','28');
INSERT INTO `items`(`id`, `description`, `category_id`, `price_id`, `stock_id`) VALUES ('200014','Allview Soul X7 Style', '2', '200014', '200014');
INSERT INTO `price`(`id`, `price`) VALUES ('200014','28');
INSERT INTO `stock`(`id`, `quantity`) VALUES ('200014','19');
INSERT INTO `items`(`id`, `description`, `category_id`, `price_id`, `stock_id`) VALUES ('200015','Allview V2 Viper S', '2', '200015', '200015');
INSERT INTO `price`(`id`, `price`) VALUES ('200015','93');
INSERT INTO `stock`(`id`, `quantity`) VALUES ('200015','93');
INSERT INTO `items`(`id`, `description`, `category_id`, `price_id`, `stock_id`) VALUES ('200016','Allview Viper E', '2', '200016', '200016');
INSERT INTO `price`(`id`, `price`) VALUES ('200016','100');
INSERT INTO `stock`(`id`, `quantity`) VALUES ('200016','85');
INSERT INTO `items`(`id`, `description`, `category_id`, `price_id`, `stock_id`) VALUES ('200017','Allview Viper i V1', '2', '200017', '200017');
INSERT INTO `price`(`id`, `price`) VALUES ('200017','47');
INSERT INTO `stock`(`id`, `quantity`) VALUES ('200017','32');
INSERT INTO `items`(`id`, `description`, `category_id`, `price_id`, `stock_id`) VALUES ('200018','Allview Viva C701', '2', '200018', '200018');
INSERT INTO `price`(`id`, `price`) VALUES ('200018','5');
INSERT INTO `stock`(`id`, `quantity`) VALUES ('200018','83');
INSERT INTO `items`(`id`, `description`, `category_id`, `price_id`, `stock_id`) VALUES ('200019','Allview Viva H8', '2', '200019', '200019');
INSERT INTO `price`(`id`, `price`) VALUES ('200019','60');
INSERT INTO `stock`(`id`, `quantity`) VALUES ('200019','20');
INSERT INTO `items`(`id`, `description`, `category_id`, `price_id`, `stock_id`) VALUES ('200020','Allview W1i', '2', '200020', '200020');
INSERT INTO `price`(`id`, `price`) VALUES ('200020','43');
INSERT INTO `stock`(`id`, `quantity`) VALUES ('200020','53');
INSERT INTO `items`(`id`, `description`, `category_id`, `price_id`, `stock_id`) VALUES ('200021','Allview W1s', '2', '200021', '200021');
INSERT INTO `price`(`id`, `price`) VALUES ('200021','13');
INSERT INTO `stock`(`id`, `quantity`) VALUES ('200021','12');
INSERT INTO `items`(`id`, `description`, `category_id`, `price_id`, `stock_id`) VALUES ('200022','Allview X3 Soul Plus', '2', '200022', '200022');
INSERT INTO `price`(`id`, `price`) VALUES ('200022','58');
INSERT INTO `stock`(`id`, `quantity`) VALUES ('200022','36');
INSERT INTO `items`(`id`, `description`, `category_id`, `price_id`, `stock_id`) VALUES ('200023','Allview X3 Soul mini', '2', '200023', '200023');
INSERT INTO `price`(`id`, `price`) VALUES ('200023','85');
INSERT INTO `stock`(`id`, `quantity`) VALUES ('200023','28');
INSERT INTO `items`(`id`, `description`, `category_id`, `price_id`, `stock_id`) VALUES ('200024','Allview X4 Soul Mini S', '2', '200024', '200024');
INSERT INTO `price`(`id`, `price`) VALUES ('200024','69');
INSERT INTO `stock`(`id`, `quantity`) VALUES ('200024','45');
INSERT INTO `items`(`id`, `description`, `category_id`, `price_id`, `stock_id`) VALUES ('300025','Apple Watch Series 2 38mm', '3', '300025', '300025');
INSERT INTO `price`(`id`, `price`) VALUES ('300025','30');
INSERT INTO `stock`(`id`, `quantity`) VALUES ('300025','70');
INSERT INTO `items`(`id`, `description`, `category_id`, `price_id`, `stock_id`) VALUES ('300026','Apple iPhone 11 Pro', '3', '300026', '300026');
INSERT INTO `price`(`id`, `price`) VALUES ('300026','18');
INSERT INTO `stock`(`id`, `quantity`) VALUES ('300026','38');
INSERT INTO `items`(`id`, `description`, `category_id`, `price_id`, `stock_id`) VALUES ('300027','Apple iPhone 3G', '3', '300027', '300027');
INSERT INTO `price`(`id`, `price`) VALUES ('300027','18');
INSERT INTO `stock`(`id`, `quantity`) VALUES ('300027','94');
INSERT INTO `items`(`id`, `description`, `category_id`, `price_id`, `stock_id`) VALUES ('300028','Apple iPhone 5s', '3', '300028', '300028');
INSERT INTO `price`(`id`, `price`) VALUES ('300028','40');
INSERT INTO `stock`(`id`, `quantity`) VALUES ('300028','35');
INSERT INTO `items`(`id`, `description`, `category_id`, `price_id`, `stock_id`) VALUES ('300029','Apple iPhone 6', '3', '300029', '300029');
INSERT INTO `price`(`id`, `price`) VALUES ('300029','39');
INSERT INTO `stock`(`id`, `quantity`) VALUES ('300029','34');
INSERT INTO `items`(`id`, `description`, `category_id`, `price_id`, `stock_id`) VALUES ('300030','Apple iPhone 6s Plus', '3', '300030', '300030');
INSERT INTO `price`(`id`, `price`) VALUES ('300030','67');
INSERT INTO `stock`(`id`, `quantity`) VALUES ('300030','10');
INSERT INTO `items`(`id`, `description`, `category_id`, `price_id`, `stock_id`) VALUES ('300031','Apple iPhone X', '3', '300031', '300031');
INSERT INTO `price`(`id`, `price`) VALUES ('300031','9');
INSERT INTO `stock`(`id`, `quantity`) VALUES ('300031','24');
INSERT INTO `items`(`id`, `description`, `category_id`, `price_id`, `stock_id`) VALUES ('400032','Archos 45c Platinum', '4', '400032', '400032');
INSERT INTO `price`(`id`, `price`) VALUES ('400032','100');
INSERT INTO `stock`(`id`, `quantity`) VALUES ('400032','87');
INSERT INTO `items`(`id`, `description`, `category_id`, `price_id`, `stock_id`) VALUES ('400033','Archos 50 Platinum', '4', '400033', '400033');
INSERT INTO `price`(`id`, `price`) VALUES ('400033','80');
INSERT INTO `stock`(`id`, `quantity`) VALUES ('400033','11');
INSERT INTO `items`(`id`, `description`, `category_id`, `price_id`, `stock_id`) VALUES ('400034','Archos 50d Helium 4G', '4', '400034', '400034');
INSERT INTO `price`(`id`, `price`) VALUES ('400034','54');
INSERT INTO `stock`(`id`, `quantity`) VALUES ('400034','14');
INSERT INTO `items`(`id`, `description`, `category_id`, `price_id`, `stock_id`) VALUES ('400035','Archos Diamond', '4', '400035', '400035');
INSERT INTO `price`(`id`, `price`) VALUES ('400035','45');
INSERT INTO `stock`(`id`, `quantity`) VALUES ('400035','48');
INSERT INTO `items`(`id`, `description`, `category_id`, `price_id`, `stock_id`) VALUES ('500036','Asus Fonepad 7 FE375CXG', '5', '500036', '500036');
INSERT INTO `price`(`id`, `price`) VALUES ('500036','14');
INSERT INTO `stock`(`id`, `quantity`) VALUES ('500036','38');
INSERT INTO `items`(`id`, `description`, `category_id`, `price_id`, `stock_id`) VALUES ('500037','Asus Google Nexus 7', '5', '500037', '500037');
INSERT INTO `price`(`id`, `price`) VALUES ('500037','54');
INSERT INTO `stock`(`id`, `quantity`) VALUES ('500037','55');
INSERT INTO `items`(`id`, `description`, `category_id`, `price_id`, `stock_id`) VALUES ('500038','Asus Memo Pad FHD10', '5', '500038', '500038');
INSERT INTO `price`(`id`, `price`) VALUES ('500038','53');
INSERT INTO `stock`(`id`, `quantity`) VALUES ('500038','8');
INSERT INTO `items`(`id`, `description`, `category_id`, `price_id`, `stock_id`) VALUES ('500039','Asus P552w', '5', '500039', '500039');
INSERT INTO `price`(`id`, `price`) VALUES ('500039','27');
INSERT INTO `stock`(`id`, `quantity`) VALUES ('500039','99');
INSERT INTO `items`(`id`, `description`, `category_id`, `price_id`, `stock_id`) VALUES ('500040','Asus PadFone mini 4G (Intel)', '5', '500040', '500040');
INSERT INTO `price`(`id`, `price`) VALUES ('500040','52');
INSERT INTO `stock`(`id`, `quantity`) VALUES ('500040','42');
INSERT INTO `items`(`id`, `description`, `category_id`, `price_id`, `stock_id`) VALUES ('500041','Asus Transformer Book Trio', '5', '500041', '500041');
INSERT INTO `price`(`id`, `price`) VALUES ('500041','80');
INSERT INTO `stock`(`id`, `quantity`) VALUES ('500041','89');
INSERT INTO `items`(`id`, `description`, `category_id`, `price_id`, `stock_id`) VALUES ('500042','Asus Transformer Pad TF701T', '5', '500042', '500042');
INSERT INTO `price`(`id`, `price`) VALUES ('500042','28');
INSERT INTO `stock`(`id`, `quantity`) VALUES ('500042','52');
INSERT INTO `items`(`id`, `description`, `category_id`, `price_id`, `stock_id`) VALUES ('500043','Asus Zenfone 2 Laser ZE601KL', '5', '500043', '500043');
INSERT INTO `price`(`id`, `price`) VALUES ('500043','67');
INSERT INTO `stock`(`id`, `quantity`) VALUES ('500043','11');
INSERT INTO `items`(`id`, `description`, `category_id`, `price_id`, `stock_id`) VALUES ('500044','Asus Zenfone 2 ZE550ML', '5', '500044', '500044');
INSERT INTO `price`(`id`, `price`) VALUES ('500044','26');
INSERT INTO `stock`(`id`, `quantity`) VALUES ('500044','77');
INSERT INTO `items`(`id`, `description`, `category_id`, `price_id`, `stock_id`) VALUES ('500045','Asus Zenfone 4 Selfie ZD553KL', '5', '500045', '500045');
INSERT INTO `price`(`id`, `price`) VALUES ('500045','66');
INSERT INTO `stock`(`id`, `quantity`) VALUES ('500045','21');
INSERT INTO `items`(`id`, `description`, `category_id`, `price_id`, `stock_id`) VALUES ('500046','Asus Zenfone 5z ZS620KL', '5', '500046', '500046');
INSERT INTO `price`(`id`, `price`) VALUES ('500046','45');
INSERT INTO `stock`(`id`, `quantity`) VALUES ('500046','98');
INSERT INTO `items`(`id`, `description`, `category_id`, `price_id`, `stock_id`) VALUES ('500047','Asus Zenfone Go ZB450KL', '5', '500047', '500047');
INSERT INTO `price`(`id`, `price`) VALUES ('500047','41');
INSERT INTO `stock`(`id`, `quantity`) VALUES ('500047','1');
INSERT INTO `items`(`id`, `description`, `category_id`, `price_id`, `stock_id`) VALUES ('500048','Asus Zenfone Max Plus (M1) ZB570TL', '5', '500048', '500048');
INSERT INTO `price`(`id`, `price`) VALUES ('500048','7');
INSERT INTO `stock`(`id`, `quantity`) VALUES ('500048','32');
INSERT INTO `items`(`id`, `description`, `category_id`, `price_id`, `stock_id`) VALUES ('500049','Asus Zenfone Pegasus 3', '5', '500049', '500049');
INSERT INTO `price`(`id`, `price`) VALUES ('500049','35');
INSERT INTO `stock`(`id`, `quantity`) VALUES ('500049','42');
INSERT INTO `items`(`id`, `description`, `category_id`, `price_id`, `stock_id`) VALUES ('500050','Asus Zenpad Z8', '5', '500050', '500050');
INSERT INTO `price`(`id`, `price`) VALUES ('500050','68');
INSERT INTO `stock`(`id`, `quantity`) VALUES ('500050','62');
INSERT INTO `items`(`id`, `description`, `category_id`, `price_id`, `stock_id`) VALUES ('500051','Asus Zenwatch 2 WI501Q', '5', '500051', '500051');
INSERT INTO `price`(`id`, `price`) VALUES ('500051','55');
INSERT INTO `stock`(`id`, `quantity`) VALUES ('500051','37');
INSERT INTO `items`(`id`, `description`, `category_id`, `price_id`, `stock_id`) VALUES ('600052','BLU Advance 4.0', '6', '600052', '600052');
INSERT INTO `price`(`id`, `price`) VALUES ('600052','88');
INSERT INTO `stock`(`id`, `quantity`) VALUES ('600052','28');
INSERT INTO `items`(`id`, `description`, `category_id`, `price_id`, `stock_id`) VALUES ('600053','BLU Advance 4.0 L2', '6', '600053', '600053');
INSERT INTO `price`(`id`, `price`) VALUES ('600053','63');
INSERT INTO `stock`(`id`, `quantity`) VALUES ('600053','15');
INSERT INTO `items`(`id`, `description`, `category_id`, `price_id`, `stock_id`) VALUES ('600054','BLU C6L', '6', '600054', '600054');
INSERT INTO `price`(`id`, `price`) VALUES ('600054','99');
INSERT INTO `stock`(`id`, `quantity`) VALUES ('600054','78');
INSERT INTO `items`(`id`, `description`, `category_id`, `price_id`, `stock_id`) VALUES ('600055','BLU Dash 5.0', '6', '600055', '600055');
INSERT INTO `price`(`id`, `price`) VALUES ('600055','75');
INSERT INTO `stock`(`id`, `quantity`) VALUES ('600055','94');
INSERT INTO `items`(`id`, `description`, `category_id`, `price_id`, `stock_id`) VALUES ('600056','BLU Dash L5 LTE', '6', '600056', '600056');
INSERT INTO `price`(`id`, `price`) VALUES ('600056','64');
INSERT INTO `stock`(`id`, `quantity`) VALUES ('600056','34');
INSERT INTO `items`(`id`, `description`, `category_id`, `price_id`, `stock_id`) VALUES ('600057','BLU Dash M2', '6', '600057', '600057');
INSERT INTO `price`(`id`, `price`) VALUES ('600057','21');
INSERT INTO `stock`(`id`, `quantity`) VALUES ('600057','59');
INSERT INTO `items`(`id`, `description`, `category_id`, `price_id`, `stock_id`) VALUES ('600058','BLU Dash X Plus LTE', '6', '600058', '600058');
INSERT INTO `price`(`id`, `price`) VALUES ('600058','75');
INSERT INTO `stock`(`id`, `quantity`) VALUES ('600058','91');
INSERT INTO `items`(`id`, `description`, `category_id`, `price_id`, `stock_id`) VALUES ('600059','BLU Deco', '6', '600059', '600059');
INSERT INTO `price`(`id`, `price`) VALUES ('600059','55');
INSERT INTO `stock`(`id`, `quantity`) VALUES ('600059','46');
INSERT INTO `items`(`id`, `description`, `category_id`, `price_id`, `stock_id`) VALUES ('600060','BLU Deco Mini', '6', '600060', '600060');
INSERT INTO `price`(`id`, `price`) VALUES ('600060','39');
INSERT INTO `stock`(`id`, `quantity`) VALUES ('600060','91');
INSERT INTO `items`(`id`, `description`, `category_id`, `price_id`, `stock_id`) VALUES ('600061','BLU Deco XT', '6', '600061', '600061');
INSERT INTO `price`(`id`, `price`) VALUES ('600061','24');
INSERT INTO `stock`(`id`, `quantity`) VALUES ('600061','18');
INSERT INTO `items`(`id`, `description`, `category_id`, `price_id`, `stock_id`) VALUES ('600062','BLU Diesel 3G', '6', '600062', '600062');
INSERT INTO `price`(`id`, `price`) VALUES ('600062','24');
INSERT INTO `stock`(`id`, `quantity`) VALUES ('600062','6');
INSERT INTO `items`(`id`, `description`, `category_id`, `price_id`, `stock_id`) VALUES ('600063','BLU Diva', '6', '600063', '600063');
INSERT INTO `price`(`id`, `price`) VALUES ('600063','55');
INSERT INTO `stock`(`id`, `quantity`) VALUES ('600063','63');
INSERT INTO `items`(`id`, `description`, `category_id`, `price_id`, `stock_id`) VALUES ('600064','BLU G90 Pro', '6', '600064', '600064');
INSERT INTO `price`(`id`, `price`) VALUES ('600064','97');
INSERT INTO `stock`(`id`, `quantity`) VALUES ('600064','54');
INSERT INTO `items`(`id`, `description`, `category_id`, `price_id`, `stock_id`) VALUES ('600065','BLU Gol', '6', '600065', '600065');
INSERT INTO `price`(`id`, `price`) VALUES ('600065','47');
INSERT INTO `stock`(`id`, `quantity`) VALUES ('600065','58');
INSERT INTO `items`(`id`, `description`, `category_id`, `price_id`, `stock_id`) VALUES ('600066','BLU J2', '6', '600066', '600066');
INSERT INTO `price`(`id`, `price`) VALUES ('600066','38');
INSERT INTO `stock`(`id`, `quantity`) VALUES ('600066','34');
INSERT INTO `items`(`id`, `description`, `category_id`, `price_id`, `stock_id`) VALUES ('600067','BLU Life One (2015)', '6', '600067', '600067');
INSERT INTO `price`(`id`, `price`) VALUES ('600067','28');
INSERT INTO `stock`(`id`, `quantity`) VALUES ('600067','97');
INSERT INTO `items`(`id`, `description`, `category_id`, `price_id`, `stock_id`) VALUES ('600068','BLU Neo 4.5', '6', '600068', '600068');
INSERT INTO `price`(`id`, `price`) VALUES ('600068','86');
INSERT INTO `stock`(`id`, `quantity`) VALUES ('600068','99');
INSERT INTO `items`(`id`, `description`, `category_id`, `price_id`, `stock_id`) VALUES ('600069','BLU Neo XL', '6', '600069', '600069');
INSERT INTO `price`(`id`, `price`) VALUES ('600069','44');
INSERT INTO `stock`(`id`, `quantity`) VALUES ('600069','19');
INSERT INTO `items`(`id`, `description`, `category_id`, `price_id`, `stock_id`) VALUES ('600070','BLU Pure XR', '6', '600070', '600070');
INSERT INTO `price`(`id`, `price`) VALUES ('600070','13');
INSERT INTO `stock`(`id`, `quantity`) VALUES ('600070','89');
INSERT INTO `items`(`id`, `description`, `category_id`, `price_id`, `stock_id`) VALUES ('600071','BLU R2 Plus', '6', '600071', '600071');
INSERT INTO `price`(`id`, `price`) VALUES ('600071','33');
INSERT INTO `stock`(`id`, `quantity`) VALUES ('600071','79');
INSERT INTO `items`(`id`, `description`, `category_id`, `price_id`, `stock_id`) VALUES ('600072','BLU Studio 5.0 LTE', '6', '600072', '600072');
INSERT INTO `price`(`id`, `price`) VALUES ('600072','3');
INSERT INTO `stock`(`id`, `quantity`) VALUES ('600072','81');
INSERT INTO `items`(`id`, `description`, `category_id`, `price_id`, `stock_id`) VALUES ('600073','BLU Studio 5.3 II', '6', '600073', '600073');
INSERT INTO `price`(`id`, `price`) VALUES ('600073','76');
INSERT INTO `stock`(`id`, `quantity`) VALUES ('600073','39');
INSERT INTO `items`(`id`, `description`, `category_id`, `price_id`, `stock_id`) VALUES ('600074','BLU Studio 5.3 S', '6', '600074', '600074');
INSERT INTO `price`(`id`, `price`) VALUES ('600074','77');
INSERT INTO `stock`(`id`, `quantity`) VALUES ('600074','19');
INSERT INTO `items`(`id`, `description`, `category_id`, `price_id`, `stock_id`) VALUES ('600075','BLU Studio 7.0', '6', '600075', '600075');
INSERT INTO `price`(`id`, `price`) VALUES ('600075','74');
INSERT INTO `stock`(`id`, `quantity`) VALUES ('600075','61');
INSERT INTO `items`(`id`, `description`, `category_id`, `price_id`, `stock_id`) VALUES ('600076','BLU Studio G Plus HD', '6', '600076', '600076');
INSERT INTO `price`(`id`, `price`) VALUES ('600076','80');
INSERT INTO `stock`(`id`, `quantity`) VALUES ('600076','19');
INSERT INTO `items`(`id`, `description`, `category_id`, `price_id`, `stock_id`) VALUES ('600077','BLU Studio J1', '6', '600077', '600077');
INSERT INTO `price`(`id`, `price`) VALUES ('600077','58');
INSERT INTO `stock`(`id`, `quantity`) VALUES ('600077','14');
INSERT INTO `items`(`id`, `description`, `category_id`, `price_id`, `stock_id`) VALUES ('600078','BLU Studio Selfie LTE', '6', '600078', '600078');
INSERT INTO `price`(`id`, `price`) VALUES ('600078','1');
INSERT INTO `stock`(`id`, `quantity`) VALUES ('600078','84');
INSERT INTO `items`(`id`, `description`, `category_id`, `price_id`, `stock_id`) VALUES ('600079','BLU Studio X Mini', '6', '600079', '600079');
INSERT INTO `price`(`id`, `price`) VALUES ('600079','12');
INSERT INTO `stock`(`id`, `quantity`) VALUES ('600079','78');
INSERT INTO `items`(`id`, `description`, `category_id`, `price_id`, `stock_id`) VALUES ('600080','BLU Studio X Plus', '6', '600080', '600080');
INSERT INTO `price`(`id`, `price`) VALUES ('600080','12');
INSERT INTO `stock`(`id`, `quantity`) VALUES ('600080','52');
INSERT INTO `items`(`id`, `description`, `category_id`, `price_id`, `stock_id`) VALUES ('600081','BLU Studio X9 HD', '6', '600081', '600081');
INSERT INTO `price`(`id`, `price`) VALUES ('600081','54');
INSERT INTO `stock`(`id`, `quantity`) VALUES ('600081','58');
INSERT INTO `items`(`id`, `description`, `category_id`, `price_id`, `stock_id`) VALUES ('600082','BLU Studio XL', '6', '600082', '600082');
INSERT INTO `price`(`id`, `price`) VALUES ('600082','47');
INSERT INTO `stock`(`id`, `quantity`) VALUES ('600082','21');
INSERT INTO `items`(`id`, `description`, `category_id`, `price_id`, `stock_id`) VALUES ('600083','BLU Tank', '6', '600083', '600083');
INSERT INTO `price`(`id`, `price`) VALUES ('600083','68');
INSERT INTO `stock`(`id`, `quantity`) VALUES ('600083','16');
INSERT INTO `items`(`id`, `description`, `category_id`, `price_id`, `stock_id`) VALUES ('600084','BLU Touchbook G7', '6', '600084', '600084');
INSERT INTO `price`(`id`, `price`) VALUES ('600084','70');
INSERT INTO `stock`(`id`, `quantity`) VALUES ('600084','99');
INSERT INTO `items`(`id`, `description`, `category_id`, `price_id`, `stock_id`) VALUES ('600085','BLU Vivo Air', '6', '600085', '600085');
INSERT INTO `price`(`id`, `price`) VALUES ('600085','94');
INSERT INTO `stock`(`id`, `quantity`) VALUES ('600085','76');
INSERT INTO `items`(`id`, `description`, `category_id`, `price_id`, `stock_id`) VALUES ('600086','BLU Vivo One Plus', '6', '600086', '600086');
INSERT INTO `price`(`id`, `price`) VALUES ('600086','26');
INSERT INTO `stock`(`id`, `quantity`) VALUES ('600086','43');
INSERT INTO `items`(`id`, `description`, `category_id`, `price_id`, `stock_id`) VALUES ('700087','BlackBerry 7130c', '7', '700087', '700087');
INSERT INTO `price`(`id`, `price`) VALUES ('700087','18');
INSERT INTO `stock`(`id`, `quantity`) VALUES ('700087','1');
INSERT INTO `items`(`id`, `description`, `category_id`, `price_id`, `stock_id`) VALUES ('700088','BlackBerry 7730', '7', '700088', '700088');
INSERT INTO `price`(`id`, `price`) VALUES ('700088','98');
INSERT INTO `stock`(`id`, `quantity`) VALUES ('700088','93');
INSERT INTO `items`(`id`, `description`, `category_id`, `price_id`, `stock_id`) VALUES ('700089','BlackBerry 8800', '7', '700089', '700089');
INSERT INTO `price`(`id`, `price`) VALUES ('700089','99');
INSERT INTO `stock`(`id`, `quantity`) VALUES ('700089','83');
INSERT INTO `items`(`id`, `description`, `category_id`, `price_id`, `stock_id`) VALUES ('700090','BlackBerry 8820', '7', '700090', '700090');
INSERT INTO `price`(`id`, `price`) VALUES ('700090','53');
INSERT INTO `stock`(`id`, `quantity`) VALUES ('700090','68');
INSERT INTO `items`(`id`, `description`, `category_id`, `price_id`, `stock_id`) VALUES ('700091','BlackBerry Classic', '7', '700091', '700091');
INSERT INTO `price`(`id`, `price`) VALUES ('700091','73');
INSERT INTO `stock`(`id`, `quantity`) VALUES ('700091','50');
INSERT INTO `items`(`id`, `description`, `category_id`, `price_id`, `stock_id`) VALUES ('700092','BlackBerry Curve 3G 9300', '7', '700092', '700092');
INSERT INTO `price`(`id`, `price`) VALUES ('700092','84');
INSERT INTO `stock`(`id`, `quantity`) VALUES ('700092','9');
INSERT INTO `items`(`id`, `description`, `category_id`, `price_id`, `stock_id`) VALUES ('700093','BlackBerry Curve 8300', '7', '700093', '700093');
INSERT INTO `price`(`id`, `price`) VALUES ('700093','13');
INSERT INTO `stock`(`id`, `quantity`) VALUES ('700093','7');
INSERT INTO `items`(`id`, `description`, `category_id`, `price_id`, `stock_id`) VALUES ('700094','BlackBerry Curve 8310', '7', '700094', '700094');
INSERT INTO `price`(`id`, `price`) VALUES ('700094','22');
INSERT INTO `stock`(`id`, `quantity`) VALUES ('700094','80');
INSERT INTO `items`(`id`, `description`, `category_id`, `price_id`, `stock_id`) VALUES ('700095','BlackBerry Curve 8320', '7', '700095', '700095');
INSERT INTO `price`(`id`, `price`) VALUES ('700095','62');
INSERT INTO `stock`(`id`, `quantity`) VALUES ('700095','53');
INSERT INTO `items`(`id`, `description`, `category_id`, `price_id`, `stock_id`) VALUES ('700096','BlackBerry Curve 9350', '7', '700096', '700096');
INSERT INTO `price`(`id`, `price`) VALUES ('700096','45');
INSERT INTO `stock`(`id`, `quantity`) VALUES ('700096','72');
INSERT INTO `items`(`id`, `description`, `category_id`, `price_id`, `stock_id`) VALUES ('700097','BlackBerry KEY2 LE', '7', '700097', '700097');
INSERT INTO `price`(`id`, `price`) VALUES ('700097','6');
INSERT INTO `stock`(`id`, `quantity`) VALUES ('700097','71');
INSERT INTO `items`(`id`, `description`, `category_id`, `price_id`, `stock_id`) VALUES ('700098','BlackBerry Storm2 9550', '7', '700098', '700098');
INSERT INTO `price`(`id`, `price`) VALUES ('700098','42');
INSERT INTO `stock`(`id`, `quantity`) VALUES ('700098','68');
INSERT INTO `items`(`id`, `description`, `category_id`, `price_id`, `stock_id`) VALUES ('700099','BlackBerry Z3', '7', '700099', '700099');
INSERT INTO `price`(`id`, `price`) VALUES ('700099','80');
INSERT INTO `stock`(`id`, `quantity`) VALUES ('700099','80');
INSERT INTO `items`(`id`, `description`, `category_id`, `price_id`, `stock_id`) VALUES ('8000100','Celkon A40', '8', '8000100', '8000100');
INSERT INTO `price`(`id`, `price`) VALUES ('8000100','88');
INSERT INTO `stock`(`id`, `quantity`) VALUES ('8000100','28');
INSERT INTO `items`(`id`, `description`, `category_id`, `price_id`, `stock_id`) VALUES ('8000101','Celkon A402', '8', '8000101', '8000101');
INSERT INTO `price`(`id`, `price`) VALUES ('8000101','81');
INSERT INTO `stock`(`id`, `quantity`) VALUES ('8000101','49');
INSERT INTO `items`(`id`, `description`, `category_id`, `price_id`, `stock_id`) VALUES ('8000102','Celkon A83', '8', '8000102', '8000102');
INSERT INTO `price`(`id`, `price`) VALUES ('8000102','9');
INSERT INTO `stock`(`id`, `quantity`) VALUES ('8000102','83');
INSERT INTO `items`(`id`, `description`, `category_id`, `price_id`, `stock_id`) VALUES ('8000103','Celkon AR50', '8', '8000103', '8000103');
INSERT INTO `price`(`id`, `price`) VALUES ('8000103','63');
INSERT INTO `stock`(`id`, `quantity`) VALUES ('8000103','15');
INSERT INTO `items`(`id`, `description`, `category_id`, `price_id`, `stock_id`) VALUES ('8000104','Celkon ARR35', '8', '8000104', '8000104');
INSERT INTO `price`(`id`, `price`) VALUES ('8000104','13');
INSERT INTO `stock`(`id`, `quantity`) VALUES ('8000104','25');
INSERT INTO `items`(`id`, `description`, `category_id`, `price_id`, `stock_id`) VALUES ('8000105','Celkon C101', '8', '8000105', '8000105');
INSERT INTO `price`(`id`, `price`) VALUES ('8000105','1');
INSERT INTO `stock`(`id`, `quantity`) VALUES ('8000105','21');
INSERT INTO `items`(`id`, `description`, `category_id`, `price_id`, `stock_id`) VALUES ('8000106','Celkon C111', '8', '8000106', '8000106');
INSERT INTO `price`(`id`, `price`) VALUES ('8000106','1');
INSERT INTO `stock`(`id`, `quantity`) VALUES ('8000106','25');
INSERT INTO `items`(`id`, `description`, `category_id`, `price_id`, `stock_id`) VALUES ('8000107','Celkon C2010', '8', '8000107', '8000107');
INSERT INTO `price`(`id`, `price`) VALUES ('8000107','10');
INSERT INTO `stock`(`id`, `quantity`) VALUES ('8000107','77');
INSERT INTO `items`(`id`, `description`, `category_id`, `price_id`, `stock_id`) VALUES ('8000108','Celkon C203', '8', '8000108', '8000108');
INSERT INTO `price`(`id`, `price`) VALUES ('8000108','79');
INSERT INTO `stock`(`id`, `quantity`) VALUES ('8000108','17');
INSERT INTO `items`(`id`, `description`, `category_id`, `price_id`, `stock_id`) VALUES ('8000109','Celkon C220', '8', '8000109', '8000109');
INSERT INTO `price`(`id`, `price`) VALUES ('8000109','27');
INSERT INTO `stock`(`id`, `quantity`) VALUES ('8000109','94');
INSERT INTO `items`(`id`, `description`, `category_id`, `price_id`, `stock_id`) VALUES ('8000110','Celkon C303', '8', '8000110', '8000110');
INSERT INTO `price`(`id`, `price`) VALUES ('8000110','21');
INSERT INTO `stock`(`id`, `quantity`) VALUES ('8000110','39');
INSERT INTO `items`(`id`, `description`, `category_id`, `price_id`, `stock_id`) VALUES ('8000111','Celkon C337', '8', '8000111', '8000111');
INSERT INTO `price`(`id`, `price`) VALUES ('8000111','54');
INSERT INTO `stock`(`id`, `quantity`) VALUES ('8000111','77');
INSERT INTO `items`(`id`, `description`, `category_id`, `price_id`, `stock_id`) VALUES ('8000112','Celkon C44+', '8', '8000112', '8000112');
INSERT INTO `price`(`id`, `price`) VALUES ('8000112','61');
INSERT INTO `stock`(`id`, `quantity`) VALUES ('8000112','2');
INSERT INTO `items`(`id`, `description`, `category_id`, `price_id`, `stock_id`) VALUES ('8000113','Celkon C605', '8', '8000113', '8000113');
INSERT INTO `price`(`id`, `price`) VALUES ('8000113','15');
INSERT INTO `stock`(`id`, `quantity`) VALUES ('8000113','51');
INSERT INTO `items`(`id`, `description`, `category_id`, `price_id`, `stock_id`) VALUES ('8000114','Celkon C607', '8', '8000114', '8000114');
INSERT INTO `price`(`id`, `price`) VALUES ('8000114','27');
INSERT INTO `stock`(`id`, `quantity`) VALUES ('8000114','83');
INSERT INTO `items`(`id`, `description`, `category_id`, `price_id`, `stock_id`) VALUES ('8000115','Celkon C70', '8', '8000115', '8000115');
INSERT INTO `price`(`id`, `price`) VALUES ('8000115','49');
INSERT INTO `stock`(`id`, `quantity`) VALUES ('8000115','16');
INSERT INTO `items`(`id`, `description`, `category_id`, `price_id`, `stock_id`) VALUES ('8000116','Celkon C7050', '8', '8000116', '8000116');
INSERT INTO `price`(`id`, `price`) VALUES ('8000116','47');
INSERT INTO `stock`(`id`, `quantity`) VALUES ('8000116','48');
INSERT INTO `items`(`id`, `description`, `category_id`, `price_id`, `stock_id`) VALUES ('8000117','Celkon C9 Jumbo', '8', '8000117', '8000117');
INSERT INTO `price`(`id`, `price`) VALUES ('8000117','37');
INSERT INTO `stock`(`id`, `quantity`) VALUES ('8000117','45');
INSERT INTO `items`(`id`, `description`, `category_id`, `price_id`, `stock_id`) VALUES ('8000118','Celkon CT 1', '8', '8000118', '8000118');
INSERT INTO `price`(`id`, `price`) VALUES ('8000118','24');
INSERT INTO `stock`(`id`, `quantity`) VALUES ('8000118','10');
INSERT INTO `items`(`id`, `description`, `category_id`, `price_id`, `stock_id`) VALUES ('8000119','Celkon Campus Colt A401', '8', '8000119', '8000119');
INSERT INTO `price`(`id`, `price`) VALUES ('8000119','44');
INSERT INTO `stock`(`id`, `quantity`) VALUES ('8000119','30');
INSERT INTO `items`(`id`, `description`, `category_id`, `price_id`, `stock_id`) VALUES ('8000120','Celkon Millennia Xplore', '8', '8000120', '8000120');
INSERT INTO `price`(`id`, `price`) VALUES ('8000120','72');
INSERT INTO `stock`(`id`, `quantity`) VALUES ('8000120','80');
INSERT INTO `items`(`id`, `description`, `category_id`, `price_id`, `stock_id`) VALUES ('9000121','Ericsson GH 337', '9', '9000121', '9000121');
INSERT INTO `price`(`id`, `price`) VALUES ('9000121','9');
INSERT INTO `stock`(`id`, `quantity`) VALUES ('9000121','57');
INSERT INTO `items`(`id`, `description`, `category_id`, `price_id`, `stock_id`) VALUES ('9000122','Ericsson PF 768', '9', '9000122', '9000122');
INSERT INTO `price`(`id`, `price`) VALUES ('9000122','8');
INSERT INTO `stock`(`id`, `quantity`) VALUES ('9000122','52');
INSERT INTO `items`(`id`, `description`, `category_id`, `price_id`, `stock_id`) VALUES ('9000123','Ericsson T20e', '9', '9000123', '9000123');
INSERT INTO `price`(`id`, `price`) VALUES ('9000123','44');
INSERT INTO `stock`(`id`, `quantity`) VALUES ('9000123','25');
INSERT INTO `items`(`id`, `description`, `category_id`, `price_id`, `stock_id`) VALUES ('10000124','Gigabyte GSmart GX2', '10', '10000124', '10000124');
INSERT INTO `price`(`id`, `price`) VALUES ('10000124','75');
INSERT INTO `stock`(`id`, `quantity`) VALUES ('10000124','19');
INSERT INTO `items`(`id`, `description`, `category_id`, `price_id`, `stock_id`) VALUES ('10000125','Gigabyte GSmart Maya M1', '10', '10000125', '10000125');
INSERT INTO `price`(`id`, `price`) VALUES ('10000125','35');
INSERT INTO `stock`(`id`, `quantity`) VALUES ('10000125','77');
INSERT INTO `items`(`id`, `description`, `category_id`, `price_id`, `stock_id`) VALUES ('10000126','Gigabyte GSmart Rio R1', '10', '10000126', '10000126');
INSERT INTO `price`(`id`, `price`) VALUES ('10000126','80');
INSERT INTO `stock`(`id`, `quantity`) VALUES ('10000126','23');
INSERT INTO `items`(`id`, `description`, `category_id`, `price_id`, `stock_id`) VALUES ('10000127','Gigabyte GSmart i (128)', '10', '10000127', '10000127');
INSERT INTO `price`(`id`, `price`) VALUES ('10000127','77');
INSERT INTO `stock`(`id`, `quantity`) VALUES ('10000127','75');
INSERT INTO `items`(`id`, `description`, `category_id`, `price_id`, `stock_id`) VALUES ('10000128','Gigabyte GSmart i120', '10', '10000128', '10000128');
INSERT INTO `price`(`id`, `price`) VALUES ('10000128','33');
INSERT INTO `stock`(`id`, `quantity`) VALUES ('10000128','100');
INSERT INTO `items`(`id`, `description`, `category_id`, `price_id`, `stock_id`) VALUES ('10000129','Gigabyte GSmart i350', '10', '10000129', '10000129');
INSERT INTO `price`(`id`, `price`) VALUES ('10000129','18');
INSERT INTO `stock`(`id`, `quantity`) VALUES ('10000129','87');
INSERT INTO `items`(`id`, `description`, `category_id`, `price_id`, `stock_id`) VALUES ('10000130','Gigabyte Snoopy', '10', '10000130', '10000130');
INSERT INTO `price`(`id`, `price`) VALUES ('10000130','78');
INSERT INTO `stock`(`id`, `quantity`) VALUES ('10000130','66');
INSERT INTO `items`(`id`, `description`, `category_id`, `price_id`, `stock_id`) VALUES ('11000131','Gionee Elife S5.1', '11', '11000131', '11000131');
INSERT INTO `price`(`id`, `price`) VALUES ('11000131','32');
INSERT INTO `stock`(`id`, `quantity`) VALUES ('11000131','61');
INSERT INTO `items`(`id`, `description`, `category_id`, `price_id`, `stock_id`) VALUES ('11000132','Gionee Gpad G5', '11', '11000132', '11000132');
INSERT INTO `price`(`id`, `price`) VALUES ('11000132','11');
INSERT INTO `stock`(`id`, `quantity`) VALUES ('11000132','15');
INSERT INTO `items`(`id`, `description`, `category_id`, `price_id`, `stock_id`) VALUES ('11000133','Gionee L800', '11', '11000133', '11000133');
INSERT INTO `price`(`id`, `price`) VALUES ('11000133','88');
INSERT INTO `stock`(`id`, `quantity`) VALUES ('11000133','44');
INSERT INTO `items`(`id`, `description`, `category_id`, `price_id`, `stock_id`) VALUES ('11000134','Gionee M2017', '11', '11000134', '11000134');
INSERT INTO `price`(`id`, `price`) VALUES ('11000134','96');
INSERT INTO `stock`(`id`, `quantity`) VALUES ('11000134','10');
INSERT INTO `items`(`id`, `description`, `category_id`, `price_id`, `stock_id`) VALUES ('11000135','Gionee M7 Power', '11', '11000135', '11000135');
INSERT INTO `price`(`id`, `price`) VALUES ('11000135','30');
INSERT INTO `stock`(`id`, `quantity`) VALUES ('11000135','86');
INSERT INTO `items`(`id`, `description`, `category_id`, `price_id`, `stock_id`) VALUES ('11000136','Gionee Marathon M5 lite', '11', '11000136', '11000136');
INSERT INTO `price`(`id`, `price`) VALUES ('11000136','16');
INSERT INTO `stock`(`id`, `quantity`) VALUES ('11000136','60');
INSERT INTO `items`(`id`, `description`, `category_id`, `price_id`, `stock_id`) VALUES ('11000137','Gionee P5 Mini', '11', '11000137', '11000137');
INSERT INTO `price`(`id`, `price`) VALUES ('11000137','44');
INSERT INTO `stock`(`id`, `quantity`) VALUES ('11000137','100');
INSERT INTO `items`(`id`, `description`, `category_id`, `price_id`, `stock_id`) VALUES ('11000138','Gionee Pioneer P1', '11', '11000138', '11000138');
INSERT INTO `price`(`id`, `price`) VALUES ('11000138','79');
INSERT INTO `stock`(`id`, `quantity`) VALUES ('11000138','23');
INSERT INTO `items`(`id`, `description`, `category_id`, `price_id`, `stock_id`) VALUES ('11000139','Gionee S10C', '11', '11000139', '11000139');
INSERT INTO `price`(`id`, `price`) VALUES ('11000139','34');
INSERT INTO `stock`(`id`, `quantity`) VALUES ('11000139','82');
INSERT INTO `items`(`id`, `description`, `category_id`, `price_id`, `stock_id`) VALUES ('11000140','Gionee S12 Lite', '11', '11000140', '11000140');
INSERT INTO `price`(`id`, `price`) VALUES ('11000140','70');
INSERT INTO `stock`(`id`, `quantity`) VALUES ('11000140','63');
INSERT INTO `items`(`id`, `description`, `category_id`, `price_id`, `stock_id`) VALUES ('11000141','Gionee S6 Pro', '11', '11000141', '11000141');
INSERT INTO `price`(`id`, `price`) VALUES ('11000141','11');
INSERT INTO `stock`(`id`, `quantity`) VALUES ('11000141','97');
INSERT INTO `items`(`id`, `description`, `category_id`, `price_id`, `stock_id`) VALUES ('11000142','Gionee S96', '11', '11000142', '11000142');
INSERT INTO `price`(`id`, `price`) VALUES ('11000142','19');
INSERT INTO `stock`(`id`, `quantity`) VALUES ('11000142','61');
INSERT INTO `items`(`id`, `description`, `category_id`, `price_id`, `stock_id`) VALUES ('12000143','HP Pre 3', '12', '12000143', '12000143');
INSERT INTO `price`(`id`, `price`) VALUES ('12000143','23');
INSERT INTO `stock`(`id`, `quantity`) VALUES ('12000143','100');
INSERT INTO `items`(`id`, `description`, `category_id`, `price_id`, `stock_id`) VALUES ('12000144','HP iPAQ hw6915', '12', '12000144', '12000144');
INSERT INTO `price`(`id`, `price`) VALUES ('12000144','14');
INSERT INTO `stock`(`id`, `quantity`) VALUES ('12000144','46');
INSERT INTO `items`(`id`, `description`, `category_id`, `price_id`, `stock_id`) VALUES ('13000145','HTC Desire 10 Compact', '13', '13000145', '13000145');
INSERT INTO `price`(`id`, `price`) VALUES ('13000145','69');
INSERT INTO `stock`(`id`, `quantity`) VALUES ('13000145','44');
INSERT INTO `items`(`id`, `description`, `category_id`, `price_id`, `stock_id`) VALUES ('13000146','HTC Desire 19s', '13', '13000146', '13000146');
INSERT INTO `price`(`id`, `price`) VALUES ('13000146','94');
INSERT INTO `stock`(`id`, `quantity`) VALUES ('13000146','59');
INSERT INTO `items`(`id`, `description`, `category_id`, `price_id`, `stock_id`) VALUES ('13000147','HTC Desire 520', '13', '13000147', '13000147');
INSERT INTO `price`(`id`, `price`) VALUES ('13000147','77');
INSERT INTO `stock`(`id`, `quantity`) VALUES ('13000147','54');
INSERT INTO `items`(`id`, `description`, `category_id`, `price_id`, `stock_id`) VALUES ('13000148','HTC Desire 601 dual sim', '13', '13000148', '13000148');
INSERT INTO `price`(`id`, `price`) VALUES ('13000148','20');
INSERT INTO `stock`(`id`, `quantity`) VALUES ('13000148','34');
INSERT INTO `items`(`id`, `description`, `category_id`, `price_id`, `stock_id`) VALUES ('13000149','HTC Desire 626', '13', '13000149', '13000149');
INSERT INTO `price`(`id`, `price`) VALUES ('13000149','96');
INSERT INTO `stock`(`id`, `quantity`) VALUES ('13000149','40');
INSERT INTO `items`(`id`, `description`, `category_id`, `price_id`, `stock_id`) VALUES ('13000150','HTC Desire 816G dual sim', '13', '13000150', '13000150');
INSERT INTO `price`(`id`, `price`) VALUES ('13000150','18');
INSERT INTO `stock`(`id`, `quantity`) VALUES ('13000150','23');
INSERT INTO `items`(`id`, `description`, `category_id`, `price_id`, `stock_id`) VALUES ('13000151','HTC Desire 820G+ dual sim', '13', '13000151', '13000151');
INSERT INTO `price`(`id`, `price`) VALUES ('13000151','59');
INSERT INTO `stock`(`id`, `quantity`) VALUES ('13000151','52');
INSERT INTO `items`(`id`, `description`, `category_id`, `price_id`, `stock_id`) VALUES ('13000152','HTC Desire X', '13', '13000152', '13000152');
INSERT INTO `price`(`id`, `price`) VALUES ('13000152','80');
INSERT INTO `stock`(`id`, `quantity`) VALUES ('13000152','17');
INSERT INTO `items`(`id`, `description`, `category_id`, `price_id`, `stock_id`) VALUES ('13000153','HTC Evo 4G LTE', '13', '13000153', '13000153');
INSERT INTO `price`(`id`, `price`) VALUES ('13000153','24');
INSERT INTO `stock`(`id`, `quantity`) VALUES ('13000153','13');
INSERT INTO `items`(`id`, `description`, `category_id`, `price_id`, `stock_id`) VALUES ('13000154','HTC Freestyle', '13', '13000154', '13000154');
INSERT INTO `price`(`id`, `price`) VALUES ('13000154','95');
INSERT INTO `stock`(`id`, `quantity`) VALUES ('13000154','96');
INSERT INTO `items`(`id`, `description`, `category_id`, `price_id`, `stock_id`) VALUES ('13000155','HTC Hero', '13', '13000155', '13000155');
INSERT INTO `price`(`id`, `price`) VALUES ('13000155','80');
INSERT INTO `stock`(`id`, `quantity`) VALUES ('13000155','42');
INSERT INTO `items`(`id`, `description`, `category_id`, `price_id`, `stock_id`) VALUES ('13000156','HTC J', '13', '13000156', '13000156');
INSERT INTO `price`(`id`, `price`) VALUES ('13000156','85');
INSERT INTO `stock`(`id`, `quantity`) VALUES ('13000156','34');
INSERT INTO `items`(`id`, `description`, `category_id`, `price_id`, `stock_id`) VALUES ('13000157','HTC Legend', '13', '13000157', '13000157');
INSERT INTO `price`(`id`, `price`) VALUES ('13000157','27');
INSERT INTO `stock`(`id`, `quantity`) VALUES ('13000157','94');
INSERT INTO `items`(`id`, `description`, `category_id`, `price_id`, `stock_id`) VALUES ('13000158','HTC One M9+', '13', '13000158', '13000158');
INSERT INTO `price`(`id`, `price`) VALUES ('13000158','8');
INSERT INTO `stock`(`id`, `quantity`) VALUES ('13000158','21');
INSERT INTO `items`(`id`, `description`, `category_id`, `price_id`, `stock_id`) VALUES ('13000159','HTC One SC', '13', '13000159', '13000159');
INSERT INTO `price`(`id`, `price`) VALUES ('13000159','78');
INSERT INTO `stock`(`id`, `quantity`) VALUES ('13000159','43');
INSERT INTO `items`(`id`, `description`, `category_id`, `price_id`, `stock_id`) VALUES ('13000160','HTC One SV', '13', '13000160', '13000160');
INSERT INTO `price`(`id`, `price`) VALUES ('13000160','20');
INSERT INTO `stock`(`id`, `quantity`) VALUES ('13000160','17');
INSERT INTO `items`(`id`, `description`, `category_id`, `price_id`, `stock_id`) VALUES ('13000161','HTC P3400', '13', '13000161', '13000161');
INSERT INTO `price`(`id`, `price`) VALUES ('13000161','61');
INSERT INTO `stock`(`id`, `quantity`) VALUES ('13000161','28');
INSERT INTO `items`(`id`, `description`, `category_id`, `price_id`, `stock_id`) VALUES ('13000162','HTC S620', '13', '13000162', '13000162');
INSERT INTO `price`(`id`, `price`) VALUES ('13000162','59');
INSERT INTO `stock`(`id`, `quantity`) VALUES ('13000162','31');
INSERT INTO `items`(`id`, `description`, `category_id`, `price_id`, `stock_id`) VALUES ('13000163','HTC S630', '13', '13000163', '13000163');
INSERT INTO `price`(`id`, `price`) VALUES ('13000163','71');
INSERT INTO `stock`(`id`, `quantity`) VALUES ('13000163','52');
INSERT INTO `items`(`id`, `description`, `category_id`, `price_id`, `stock_id`) VALUES ('13000164','HTC Sensation', '13', '13000164', '13000164');
INSERT INTO `price`(`id`, `price`) VALUES ('13000164','39');
INSERT INTO `stock`(`id`, `quantity`) VALUES ('13000164','43');
INSERT INTO `items`(`id`, `description`, `category_id`, `price_id`, `stock_id`) VALUES ('13000165','HTC Status', '13', '13000165', '13000165');
INSERT INTO `price`(`id`, `price`) VALUES ('13000165','36');
INSERT INTO `stock`(`id`, `quantity`) VALUES ('13000165','12');
INSERT INTO `items`(`id`, `description`, `category_id`, `price_id`, `stock_id`) VALUES ('13000166','HTC Touch Cruise', '13', '13000166', '13000166');
INSERT INTO `price`(`id`, `price`) VALUES ('13000166','69');
INSERT INTO `stock`(`id`, `quantity`) VALUES ('13000166','21');
INSERT INTO `items`(`id`, `description`, `category_id`, `price_id`, `stock_id`) VALUES ('13000167','HTC Touch Pro2', '13', '13000167', '13000167');
INSERT INTO `price`(`id`, `price`) VALUES ('13000167','43');
INSERT INTO `stock`(`id`, `quantity`) VALUES ('13000167','51');
INSERT INTO `items`(`id`, `description`, `category_id`, `price_id`, `stock_id`) VALUES ('13000168','HTC U20 5G', '13', '13000168', '13000168');
INSERT INTO `price`(`id`, `price`) VALUES ('13000168','92');
INSERT INTO `stock`(`id`, `quantity`) VALUES ('13000168','52');
INSERT INTO `items`(`id`, `description`, `category_id`, `price_id`, `stock_id`) VALUES ('13000169','HTC Wildfire E', '13', '13000169', '13000169');
INSERT INTO `price`(`id`, `price`) VALUES ('13000169','98');
INSERT INTO `stock`(`id`, `quantity`) VALUES ('13000169','95');
INSERT INTO `items`(`id`, `description`, `category_id`, `price_id`, `stock_id`) VALUES ('14000170','Haier D6000', '14', '14000170', '14000170');
INSERT INTO `price`(`id`, `price`) VALUES ('14000170','94');
INSERT INTO `stock`(`id`, `quantity`) VALUES ('14000170','100');
INSERT INTO `items`(`id`, `description`, `category_id`, `price_id`, `stock_id`) VALUES ('14000171','Haier M1200', '14', '14000171', '14000171');
INSERT INTO `price`(`id`, `price`) VALUES ('14000171','73');
INSERT INTO `stock`(`id`, `quantity`) VALUES ('14000171','39');
INSERT INTO `items`(`id`, `description`, `category_id`, `price_id`, `stock_id`) VALUES ('14000172','Haier M180', '14', '14000172', '14000172');
INSERT INTO `price`(`id`, `price`) VALUES ('14000172','22');
INSERT INTO `stock`(`id`, `quantity`) VALUES ('14000172','48');
INSERT INTO `items`(`id`, `description`, `category_id`, `price_id`, `stock_id`) VALUES ('14000173','Haier M300', '14', '14000173', '14000173');
INSERT INTO `price`(`id`, `price`) VALUES ('14000173','37');
INSERT INTO `stock`(`id`, `quantity`) VALUES ('14000173','89');
INSERT INTO `items`(`id`, `description`, `category_id`, `price_id`, `stock_id`) VALUES ('14000174','Haier P6', '14', '14000174', '14000174');
INSERT INTO `price`(`id`, `price`) VALUES ('14000174','1');
INSERT INTO `stock`(`id`, `quantity`) VALUES ('14000174','10');
INSERT INTO `items`(`id`, `description`, `category_id`, `price_id`, `stock_id`) VALUES ('14000175','Haier P8', '14', '14000175', '14000175');
INSERT INTO `price`(`id`, `price`) VALUES ('14000175','35');
INSERT INTO `stock`(`id`, `quantity`) VALUES ('14000175','70');
INSERT INTO `items`(`id`, `description`, `category_id`, `price_id`, `stock_id`) VALUES ('14000176','Haier T3000', '14', '14000176', '14000176');
INSERT INTO `price`(`id`, `price`) VALUES ('14000176','52');
INSERT INTO `stock`(`id`, `quantity`) VALUES ('14000176','88');
INSERT INTO `items`(`id`, `description`, `category_id`, `price_id`, `stock_id`) VALUES ('14000177','Haier U60', '14', '14000177', '14000177');
INSERT INTO `price`(`id`, `price`) VALUES ('14000177','61');
INSERT INTO `stock`(`id`, `quantity`) VALUES ('14000177','81');
INSERT INTO `items`(`id`, `description`, `category_id`, `price_id`, `stock_id`) VALUES ('14000178','Haier U69', '14', '14000178', '14000178');
INSERT INTO `price`(`id`, `price`) VALUES ('14000178','39');
INSERT INTO `stock`(`id`, `quantity`) VALUES ('14000178','76');
INSERT INTO `items`(`id`, `description`, `category_id`, `price_id`, `stock_id`) VALUES ('14000179','Haier V160', '14', '14000179', '14000179');
INSERT INTO `price`(`id`, `price`) VALUES ('14000179','10');
INSERT INTO `stock`(`id`, `quantity`) VALUES ('14000179','77');
INSERT INTO `items`(`id`, `description`, `category_id`, `price_id`, `stock_id`) VALUES ('14000180','Haier V190', '14', '14000180', '14000180');
INSERT INTO `price`(`id`, `price`) VALUES ('14000180','32');
INSERT INTO `stock`(`id`, `quantity`) VALUES ('14000180','18');
INSERT INTO `items`(`id`, `description`, `category_id`, `price_id`, `stock_id`) VALUES ('15000181','Honor 30 Pro', '15', '15000181', '15000181');
INSERT INTO `price`(`id`, `price`) VALUES ('15000181','95');
INSERT INTO `stock`(`id`, `quantity`) VALUES ('15000181','26');
INSERT INTO `items`(`id`, `description`, `category_id`, `price_id`, `stock_id`) VALUES ('15000182','Honor 30 Youth', '15', '15000182', '15000182');
INSERT INTO `price`(`id`, `price`) VALUES ('15000182','72');
INSERT INTO `stock`(`id`, `quantity`) VALUES ('15000182','23');
INSERT INTO `items`(`id`, `description`, `category_id`, `price_id`, `stock_id`) VALUES ('15000183','Honor 3X Pro', '15', '15000183', '15000183');
INSERT INTO `price`(`id`, `price`) VALUES ('15000183','90');
INSERT INTO `stock`(`id`, `quantity`) VALUES ('15000183','7');
INSERT INTO `items`(`id`, `description`, `category_id`, `price_id`, `stock_id`) VALUES ('15000184','Honor 6A (Pro)', '15', '15000184', '15000184');
INSERT INTO `price`(`id`, `price`) VALUES ('15000184','9');
INSERT INTO `stock`(`id`, `quantity`) VALUES ('15000184','21');
INSERT INTO `items`(`id`, `description`, `category_id`, `price_id`, `stock_id`) VALUES ('15000185','Honor 7A', '15', '15000185', '15000185');
INSERT INTO `price`(`id`, `price`) VALUES ('15000185','96');
INSERT INTO `stock`(`id`, `quantity`) VALUES ('15000185','78');
INSERT INTO `items`(`id`, `description`, `category_id`, `price_id`, `stock_id`) VALUES ('15000186','Honor 8X', '15', '15000186', '15000186');
INSERT INTO `price`(`id`, `price`) VALUES ('15000186','76');
INSERT INTO `stock`(`id`, `quantity`) VALUES ('15000186','52');
INSERT INTO `items`(`id`, `description`, `category_id`, `price_id`, `stock_id`) VALUES ('15000187','Honor 9S', '15', '15000187', '15000187');
INSERT INTO `price`(`id`, `price`) VALUES ('15000187','85');
INSERT INTO `stock`(`id`, `quantity`) VALUES ('15000187','100');
INSERT INTO `items`(`id`, `description`, `category_id`, `price_id`, `stock_id`) VALUES ('15000188','Honor Holly 3', '15', '15000188', '15000188');
INSERT INTO `price`(`id`, `price`) VALUES ('15000188','52');
INSERT INTO `stock`(`id`, `quantity`) VALUES ('15000188','76');
INSERT INTO `items`(`id`, `description`, `category_id`, `price_id`, `stock_id`) VALUES ('15000189','Honor Note 10', '15', '15000189', '15000189');
INSERT INTO `price`(`id`, `price`) VALUES ('15000189','90');
INSERT INTO `stock`(`id`, `quantity`) VALUES ('15000189','93');
INSERT INTO `items`(`id`, `description`, `category_id`, `price_id`, `stock_id`) VALUES ('15000190','Honor Play4', '15', '15000190', '15000190');
INSERT INTO `price`(`id`, `price`) VALUES ('15000190','7');
INSERT INTO `stock`(`id`, `quantity`) VALUES ('15000190','91');
INSERT INTO `items`(`id`, `description`, `category_id`, `price_id`, `stock_id`) VALUES ('15000191','Honor Play4 Pro', '15', '15000191', '15000191');
INSERT INTO `price`(`id`, `price`) VALUES ('15000191','33');
INSERT INTO `stock`(`id`, `quantity`) VALUES ('15000191','86');
INSERT INTO `items`(`id`, `description`, `category_id`, `price_id`, `stock_id`) VALUES ('15000192','Honor Watch ES', '15', '15000192', '15000192');
INSERT INTO `price`(`id`, `price`) VALUES ('15000192','34');
INSERT INTO `stock`(`id`, `quantity`) VALUES ('15000192','57');
INSERT INTO `items`(`id`, `description`, `category_id`, `price_id`, `stock_id`) VALUES ('15000193','Honor Watch GS Pro', '15', '15000193', '15000193');
INSERT INTO `price`(`id`, `price`) VALUES ('15000193','83');
INSERT INTO `stock`(`id`, `quantity`) VALUES ('15000193','85');
INSERT INTO `items`(`id`, `description`, `category_id`, `price_id`, `stock_id`) VALUES ('16000194','Huawei Ascend D2', '16', '16000194', '16000194');
INSERT INTO `price`(`id`, `price`) VALUES ('16000194','3');
INSERT INTO `stock`(`id`, `quantity`) VALUES ('16000194','48');
INSERT INTO `items`(`id`, `description`, `category_id`, `price_id`, `stock_id`) VALUES ('16000195','Huawei Ascend G300', '16', '16000195', '16000195');
INSERT INTO `price`(`id`, `price`) VALUES ('16000195','91');
INSERT INTO `stock`(`id`, `quantity`) VALUES ('16000195','84');
INSERT INTO `items`(`id`, `description`, `category_id`, `price_id`, `stock_id`) VALUES ('16000196','Huawei Ascend G510', '16', '16000196', '16000196');
INSERT INTO `price`(`id`, `price`) VALUES ('16000196','53');
INSERT INTO `stock`(`id`, `quantity`) VALUES ('16000196','9');
INSERT INTO `items`(`id`, `description`, `category_id`, `price_id`, `stock_id`) VALUES ('16000197','Huawei Ascend G615', '16', '16000197', '16000197');
INSERT INTO `price`(`id`, `price`) VALUES ('16000197','95');
INSERT INTO `stock`(`id`, `quantity`) VALUES ('16000197','47');
INSERT INTO `items`(`id`, `description`, `category_id`, `price_id`, `stock_id`) VALUES ('16000198','Huawei Ascend G620s', '16', '16000198', '16000198');
INSERT INTO `price`(`id`, `price`) VALUES ('16000198','65');
INSERT INTO `stock`(`id`, `quantity`) VALUES ('16000198','28');
INSERT INTO `items`(`id`, `description`, `category_id`, `price_id`, `stock_id`) VALUES ('16000199','Huawei Ascend G700', '16', '16000199', '16000199');
INSERT INTO `price`(`id`, `price`) VALUES ('16000199','61');
INSERT INTO `stock`(`id`, `quantity`) VALUES ('16000199','24');
INSERT INTO `items`(`id`, `description`, `category_id`, `price_id`, `stock_id`) VALUES ('16000200','Huawei Ascend P1', '16', '16000200', '16000200');
INSERT INTO `price`(`id`, `price`) VALUES ('16000200','65');
INSERT INTO `stock`(`id`, `quantity`) VALUES ('16000200','75');
INSERT INTO `items`(`id`, `description`, `category_id`, `price_id`, `stock_id`) VALUES ('16000201','Huawei Ascend P1 LTE', '16', '16000201', '16000201');
INSERT INTO `price`(`id`, `price`) VALUES ('16000201','13');
INSERT INTO `stock`(`id`, `quantity`) VALUES ('16000201','61');
INSERT INTO `items`(`id`, `description`, `category_id`, `price_id`, `stock_id`) VALUES ('16000202','Huawei Ascend Y201 Pro', '16', '16000202', '16000202');
INSERT INTO `price`(`id`, `price`) VALUES ('16000202','35');
INSERT INTO `stock`(`id`, `quantity`) VALUES ('16000202','4');
INSERT INTO `items`(`id`, `description`, `category_id`, `price_id`, `stock_id`) VALUES ('16000203','Huawei Ascend Y210D', '16', '16000203', '16000203');
INSERT INTO `price`(`id`, `price`) VALUES ('16000203','73');
INSERT INTO `stock`(`id`, `quantity`) VALUES ('16000203','27');
INSERT INTO `items`(`id`, `description`, `category_id`, `price_id`, `stock_id`) VALUES ('16000204','Huawei Ascend Y600', '16', '16000204', '16000204');
INSERT INTO `price`(`id`, `price`) VALUES ('16000204','23');
INSERT INTO `stock`(`id`, `quantity`) VALUES ('16000204','83');
INSERT INTO `items`(`id`, `description`, `category_id`, `price_id`, `stock_id`) VALUES ('16000205','Huawei Enjoy 20 Pro', '16', '16000205', '16000205');
INSERT INTO `price`(`id`, `price`) VALUES ('16000205','66');
INSERT INTO `stock`(`id`, `quantity`) VALUES ('16000205','42');
INSERT INTO `items`(`id`, `description`, `category_id`, `price_id`, `stock_id`) VALUES ('16000206','Huawei G3621L', '16', '16000206', '16000206');
INSERT INTO `price`(`id`, `price`) VALUES ('16000206','67');
INSERT INTO `stock`(`id`, `quantity`) VALUES ('16000206','38');
INSERT INTO `items`(`id`, `description`, `category_id`, `price_id`, `stock_id`) VALUES ('16000207','Huawei G610s', '16', '16000207', '16000207');
INSERT INTO `price`(`id`, `price`) VALUES ('16000207','22');
INSERT INTO `stock`(`id`, `quantity`) VALUES ('16000207','16');
INSERT INTO `items`(`id`, `description`, `category_id`, `price_id`, `stock_id`) VALUES ('16000208','Huawei G7005', '16', '16000208', '16000208');
INSERT INTO `price`(`id`, `price`) VALUES ('16000208','78');
INSERT INTO `stock`(`id`, `quantity`) VALUES ('16000208','96');
INSERT INTO `items`(`id`, `description`, `category_id`, `price_id`, `stock_id`) VALUES ('16000209','Huawei M886 Mercury', '16', '16000209', '16000209');
INSERT INTO `price`(`id`, `price`) VALUES ('16000209','78');
INSERT INTO `stock`(`id`, `quantity`) VALUES ('16000209','13');
INSERT INTO `items`(`id`, `description`, `category_id`, `price_id`, `stock_id`) VALUES ('16000210','Huawei Mate 10 Pro', '16', '16000210', '16000210');
INSERT INTO `price`(`id`, `price`) VALUES ('16000210','60');
INSERT INTO `stock`(`id`, `quantity`) VALUES ('16000210','8');
INSERT INTO `items`(`id`, `description`, `category_id`, `price_id`, `stock_id`) VALUES ('16000211','Huawei Mate 30 5G', '16', '16000211', '16000211');
INSERT INTO `price`(`id`, `price`) VALUES ('16000211','37');
INSERT INTO `stock`(`id`, `quantity`) VALUES ('16000211','50');
INSERT INTO `items`(`id`, `description`, `category_id`, `price_id`, `stock_id`) VALUES ('16000212','Huawei Mate X2', '16', '16000212', '16000212');
INSERT INTO `price`(`id`, `price`) VALUES ('16000212','76');
INSERT INTO `stock`(`id`, `quantity`) VALUES ('16000212','92');
INSERT INTO `items`(`id`, `description`, `category_id`, `price_id`, `stock_id`) VALUES ('16000213','Huawei MatePad 5G', '16', '16000213', '16000213');
INSERT INTO `price`(`id`, `price`) VALUES ('16000213','40');
INSERT INTO `stock`(`id`, `quantity`) VALUES ('16000213','96');
INSERT INTO `items`(`id`, `description`, `category_id`, `price_id`, `stock_id`) VALUES ('16000214','Huawei MediaPad M2 8.0', '16', '16000214', '16000214');
INSERT INTO `price`(`id`, `price`) VALUES ('16000214','100');
INSERT INTO `stock`(`id`, `quantity`) VALUES ('16000214','74');
INSERT INTO `items`(`id`, `description`, `category_id`, `price_id`, `stock_id`) VALUES ('16000215','Huawei MediaPad T1 7.0', '16', '16000215', '16000215');
INSERT INTO `price`(`id`, `price`) VALUES ('16000215','42');
INSERT INTO `stock`(`id`, `quantity`) VALUES ('16000215','82');
INSERT INTO `items`(`id`, `description`, `category_id`, `price_id`, `stock_id`) VALUES ('16000216','Huawei MediaPad T5', '16', '16000216', '16000216');
INSERT INTO `price`(`id`, `price`) VALUES ('16000216','49');
INSERT INTO `stock`(`id`, `quantity`) VALUES ('16000216','28');
INSERT INTO `items`(`id`, `description`, `category_id`, `price_id`, `stock_id`) VALUES ('16000217','Huawei P smart 2019', '16', '16000217', '16000217');
INSERT INTO `price`(`id`, `price`) VALUES ('16000217','11');
INSERT INTO `stock`(`id`, `quantity`) VALUES ('16000217','55');
INSERT INTO `items`(`id`, `description`, `category_id`, `price_id`, `stock_id`) VALUES ('16000218','Huawei T552', '16', '16000218', '16000218');
INSERT INTO `price`(`id`, `price`) VALUES ('16000218','17');
INSERT INTO `stock`(`id`, `quantity`) VALUES ('16000218','100');
INSERT INTO `items`(`id`, `description`, `category_id`, `price_id`, `stock_id`) VALUES ('16000219','Huawei T8300', '16', '16000219', '16000219');
INSERT INTO `price`(`id`, `price`) VALUES ('16000219','12');
INSERT INTO `stock`(`id`, `quantity`) VALUES ('16000219','3');
INSERT INTO `items`(`id`, `description`, `category_id`, `price_id`, `stock_id`) VALUES ('16000220','Huawei U1000', '16', '16000220', '16000220');
INSERT INTO `price`(`id`, `price`) VALUES ('16000220','93');
INSERT INTO `stock`(`id`, `quantity`) VALUES ('16000220','4');
INSERT INTO `items`(`id`, `description`, `category_id`, `price_id`, `stock_id`) VALUES ('16000221','Huawei U1250', '16', '16000221', '16000221');
INSERT INTO `price`(`id`, `price`) VALUES ('16000221','38');
INSERT INTO `stock`(`id`, `quantity`) VALUES ('16000221','54');
INSERT INTO `items`(`id`, `description`, `category_id`, `price_id`, `stock_id`) VALUES ('16000222','Huawei U8220', '16', '16000222', '16000222');
INSERT INTO `price`(`id`, `price`) VALUES ('16000222','75');
INSERT INTO `stock`(`id`, `quantity`) VALUES ('16000222','4');
INSERT INTO `items`(`id`, `description`, `category_id`, `price_id`, `stock_id`) VALUES ('16000223','Huawei U8800 IDEOS X5', '16', '16000223', '16000223');
INSERT INTO `price`(`id`, `price`) VALUES ('16000223','50');
INSERT INTO `stock`(`id`, `quantity`) VALUES ('16000223','25');
INSERT INTO `items`(`id`, `description`, `category_id`, `price_id`, `stock_id`) VALUES ('16000224','Huawei Watch 2 2018', '16', '16000224', '16000224');
INSERT INTO `price`(`id`, `price`) VALUES ('16000224','77');
INSERT INTO `stock`(`id`, `quantity`) VALUES ('16000224','30');
INSERT INTO `items`(`id`, `description`, `category_id`, `price_id`, `stock_id`) VALUES ('16000225','Huawei Watch 2 Classic', '16', '16000225', '16000225');
INSERT INTO `price`(`id`, `price`) VALUES ('16000225','51');
INSERT INTO `stock`(`id`, `quantity`) VALUES ('16000225','89');
INSERT INTO `items`(`id`, `description`, `category_id`, `price_id`, `stock_id`) VALUES ('16000226','Huawei Watch GT 2', '16', '16000226', '16000226');
INSERT INTO `price`(`id`, `price`) VALUES ('16000226','36');
INSERT INTO `stock`(`id`, `quantity`) VALUES ('16000226','9');
INSERT INTO `items`(`id`, `description`, `category_id`, `price_id`, `stock_id`) VALUES ('16000227','Huawei Y Max', '16', '16000227', '16000227');
INSERT INTO `price`(`id`, `price`) VALUES ('16000227','42');
INSERT INTO `stock`(`id`, `quantity`) VALUES ('16000227','94');
INSERT INTO `items`(`id`, `description`, `category_id`, `price_id`, `stock_id`) VALUES ('16000228','Huawei Y5 lite (2018)', '16', '16000228', '16000228');
INSERT INTO `price`(`id`, `price`) VALUES ('16000228','34');
INSERT INTO `stock`(`id`, `quantity`) VALUES ('16000228','56');
INSERT INTO `items`(`id`, `description`, `category_id`, `price_id`, `stock_id`) VALUES ('16000229','Huawei Y7 (2018)', '16', '16000229', '16000229');
INSERT INTO `price`(`id`, `price`) VALUES ('16000229','91');
INSERT INTO `stock`(`id`, `quantity`) VALUES ('16000229','10');
INSERT INTO `items`(`id`, `description`, `category_id`, `price_id`, `stock_id`) VALUES ('16000230','Huawei Y7a', '16', '16000230', '16000230');
INSERT INTO `price`(`id`, `price`) VALUES ('16000230','70');
INSERT INTO `stock`(`id`, `quantity`) VALUES ('16000230','29');
INSERT INTO `items`(`id`, `description`, `category_id`, `price_id`, `stock_id`) VALUES ('16000231','Huawei nova', '16', '16000231', '16000231');
INSERT INTO `price`(`id`, `price`) VALUES ('16000231','48');
INSERT INTO `stock`(`id`, `quantity`) VALUES ('16000231','59');
INSERT INTO `items`(`id`, `description`, `category_id`, `price_id`, `stock_id`) VALUES ('16000232','Huawei nova 2s', '16', '16000232', '16000232');
INSERT INTO `price`(`id`, `price`) VALUES ('16000232','10');
INSERT INTO `stock`(`id`, `quantity`) VALUES ('16000232','40');
INSERT INTO `items`(`id`, `description`, `category_id`, `price_id`, `stock_id`) VALUES ('16000233','Huawei nova 5i Pro', '16', '16000233', '16000233');
INSERT INTO `price`(`id`, `price`) VALUES ('16000233','51');
INSERT INTO `stock`(`id`, `quantity`) VALUES ('16000233','66');
INSERT INTO `items`(`id`, `description`, `category_id`, `price_id`, `stock_id`) VALUES ('16000234','Huawei nova plus', '16', '16000234', '16000234');
INSERT INTO `price`(`id`, `price`) VALUES ('16000234','100');
INSERT INTO `stock`(`id`, `quantity`) VALUES ('16000234','76');
INSERT INTO `items`(`id`, `description`, `category_id`, `price_id`, `stock_id`) VALUES ('17000235','Icemobile Apollo 3G', '17', '17000235', '17000235');
INSERT INTO `price`(`id`, `price`) VALUES ('17000235','53');
INSERT INTO `stock`(`id`, `quantity`) VALUES ('17000235','21');
INSERT INTO `items`(`id`, `description`, `category_id`, `price_id`, `stock_id`) VALUES ('17000236','Icemobile Comet II', '17', '17000236', '17000236');
INSERT INTO `price`(`id`, `price`) VALUES ('17000236','90');
INSERT INTO `stock`(`id`, `quantity`) VALUES ('17000236','34');
INSERT INTO `items`(`id`, `description`, `category_id`, `price_id`, `stock_id`) VALUES ('17000237','Icemobile G10', '17', '17000237', '17000237');
INSERT INTO `price`(`id`, `price`) VALUES ('17000237','55');
INSERT INTO `stock`(`id`, `quantity`) VALUES ('17000237','14');
INSERT INTO `items`(`id`, `description`, `category_id`, `price_id`, `stock_id`) VALUES ('17000238','Icemobile Hurricane II', '17', '17000238', '17000238');
INSERT INTO `price`(`id`, `price`) VALUES ('17000238','13');
INSERT INTO `stock`(`id`, `quantity`) VALUES ('17000238','18');
INSERT INTO `items`(`id`, `description`, `category_id`, `price_id`, `stock_id`) VALUES ('17000239','Icemobile Quattro', '17', '17000239', '17000239');
INSERT INTO `price`(`id`, `price`) VALUES ('17000239','81');
INSERT INTO `stock`(`id`, `quantity`) VALUES ('17000239','46');
INSERT INTO `items`(`id`, `description`, `category_id`, `price_id`, `stock_id`) VALUES ('17000240','Icemobile Twilight II', '17', '17000240', '17000240');
INSERT INTO `price`(`id`, `price`) VALUES ('17000240','20');
INSERT INTO `stock`(`id`, `quantity`) VALUES ('17000240','31');
INSERT INTO `items`(`id`, `description`, `category_id`, `price_id`, `stock_id`) VALUES ('17000241','Icemobile Viento II', '17', '17000241', '17000241');
INSERT INTO `price`(`id`, `price`) VALUES ('17000241','7');
INSERT INTO `stock`(`id`, `quantity`) VALUES ('17000241','75');
INSERT INTO `items`(`id`, `description`, `category_id`, `price_id`, `stock_id`) VALUES ('18000242','Infinix Hot S3', '18', '18000242', '18000242');
INSERT INTO `price`(`id`, `price`) VALUES ('18000242','64');
INSERT INTO `stock`(`id`, `quantity`) VALUES ('18000242','99');
INSERT INTO `items`(`id`, `description`, `category_id`, `price_id`, `stock_id`) VALUES ('18000243','Infinix Note 4', '18', '18000243', '18000243');
INSERT INTO `price`(`id`, `price`) VALUES ('18000243','37');
INSERT INTO `stock`(`id`, `quantity`) VALUES ('18000243','24');
INSERT INTO `items`(`id`, `description`, `category_id`, `price_id`, `stock_id`) VALUES ('18000244','Infinix Note 7', '18', '18000244', '18000244');
INSERT INTO `price`(`id`, `price`) VALUES ('18000244','97');
INSERT INTO `stock`(`id`, `quantity`) VALUES ('18000244','7');
INSERT INTO `items`(`id`, `description`, `category_id`, `price_id`, `stock_id`) VALUES ('18000245','Infinix Note 8i', '18', '18000245', '18000245');
INSERT INTO `price`(`id`, `price`) VALUES ('18000245','64');
INSERT INTO `stock`(`id`, `quantity`) VALUES ('18000245','47');
INSERT INTO `items`(`id`, `description`, `category_id`, `price_id`, `stock_id`) VALUES ('19000246','Karbonn A10', '19', '19000246', '19000246');
INSERT INTO `price`(`id`, `price`) VALUES ('19000246','59');
INSERT INTO `stock`(`id`, `quantity`) VALUES ('19000246','92');
INSERT INTO `items`(`id`, `description`, `category_id`, `price_id`, `stock_id`) VALUES ('19000247','Karbonn K36+ Jumbo Mini', '19', '19000247', '19000247');
INSERT INTO `price`(`id`, `price`) VALUES ('19000247','50');
INSERT INTO `stock`(`id`, `quantity`) VALUES ('19000247','88');
INSERT INTO `items`(`id`, `description`, `category_id`, `price_id`, `stock_id`) VALUES ('19000248','Karbonn K440', '19', '19000248', '19000248');
INSERT INTO `price`(`id`, `price`) VALUES ('19000248','87');
INSERT INTO `stock`(`id`, `quantity`) VALUES ('19000248','30');
INSERT INTO `items`(`id`, `description`, `category_id`, `price_id`, `stock_id`) VALUES ('19000249','Karbonn K451+ Sound Wave', '19', '19000249', '19000249');
INSERT INTO `price`(`id`, `price`) VALUES ('19000249','44');
INSERT INTO `stock`(`id`, `quantity`) VALUES ('19000249','96');
INSERT INTO `items`(`id`, `description`, `category_id`, `price_id`, `stock_id`) VALUES ('19000250','Karbonn K52 Groovster', '19', '19000250', '19000250');
INSERT INTO `price`(`id`, `price`) VALUES ('19000250','99');
INSERT INTO `stock`(`id`, `quantity`) VALUES ('19000250','72');
INSERT INTO `items`(`id`, `description`, `category_id`, `price_id`, `stock_id`) VALUES ('19000251','Karbonn S5 Titanium', '19', '19000251', '19000251');
INSERT INTO `price`(`id`, `price`) VALUES ('19000251','9');
INSERT INTO `stock`(`id`, `quantity`) VALUES ('19000251','41');
INSERT INTO `items`(`id`, `description`, `category_id`, `price_id`, `stock_id`) VALUES ('19000252','Karbonn S7 Titanium', '19', '19000252', '19000252');
INSERT INTO `price`(`id`, `price`) VALUES ('19000252','98');
INSERT INTO `stock`(`id`, `quantity`) VALUES ('19000252','47');
INSERT INTO `items`(`id`, `description`, `category_id`, `price_id`, `stock_id`) VALUES ('19000253','Karbonn Titanium S19', '19', '19000253', '19000253');
INSERT INTO `price`(`id`, `price`) VALUES ('19000253','56');
INSERT INTO `stock`(`id`, `quantity`) VALUES ('19000253','82');
INSERT INTO `items`(`id`, `description`, `category_id`, `price_id`, `stock_id`) VALUES ('20000254','Kyocera DuraCore E4210', '20', '20000254', '20000254');
INSERT INTO `price`(`id`, `price`) VALUES ('20000254','10');
INSERT INTO `stock`(`id`, `quantity`) VALUES ('20000254','13');
INSERT INTO `items`(`id`, `description`, `category_id`, `price_id`, `stock_id`) VALUES ('20000255','Kyocera E3500', '20', '20000255', '20000255');
INSERT INTO `price`(`id`, `price`) VALUES ('20000255','30');
INSERT INTO `stock`(`id`, `quantity`) VALUES ('20000255','49');
INSERT INTO `items`(`id`, `description`, `category_id`, `price_id`, `stock_id`) VALUES ('20000256','Kyocera Echo', '20', '20000256', '20000256');
INSERT INTO `price`(`id`, `price`) VALUES ('20000256','31');
INSERT INTO `stock`(`id`, `quantity`) VALUES ('20000256','53');
INSERT INTO `items`(`id`, `description`, `category_id`, `price_id`, `stock_id`) VALUES ('21000257','LG A180', '21', '21000257', '21000257');
INSERT INTO `price`(`id`, `price`) VALUES ('21000257','10');
INSERT INTO `stock`(`id`, `quantity`) VALUES ('21000257','93');
INSERT INTO `items`(`id`, `description`, `category_id`, `price_id`, `stock_id`) VALUES ('21000258','LG A230', '21', '21000258', '21000258');
INSERT INTO `price`(`id`, `price`) VALUES ('21000258','100');
INSERT INTO `stock`(`id`, `quantity`) VALUES ('21000258','46');
INSERT INTO `items`(`id`, `description`, `category_id`, `price_id`, `stock_id`) VALUES ('21000259','LG Aristo 2', '21', '21000259', '21000259');
INSERT INTO `price`(`id`, `price`) VALUES ('21000259','91');
INSERT INTO `stock`(`id`, `quantity`) VALUES ('21000259','96');
INSERT INTO `items`(`id`, `description`, `category_id`, `price_id`, `stock_id`) VALUES ('21000260','LG C310', '21', '21000260', '21000260');
INSERT INTO `price`(`id`, `price`) VALUES ('21000260','65');
INSERT INTO `stock`(`id`, `quantity`) VALUES ('21000260','100');
INSERT INTO `items`(`id`, `description`, `category_id`, `price_id`, `stock_id`) VALUES ('21000261','LG C3300', '21', '21000261', '21000261');
INSERT INTO `price`(`id`, `price`) VALUES ('21000261','53');
INSERT INTO `stock`(`id`, `quantity`) VALUES ('21000261','4');
INSERT INTO `items`(`id`, `description`, `category_id`, `price_id`, `stock_id`) VALUES ('21000262','LG C3400', '21', '21000262', '21000262');
INSERT INTO `price`(`id`, `price`) VALUES ('21000262','18');
INSERT INTO `stock`(`id`, `quantity`) VALUES ('21000262','37');
INSERT INTO `items`(`id`, `description`, `category_id`, `price_id`, `stock_id`) VALUES ('21000263','LG C375 Cookie Tweet', '21', '21000263', '21000263');
INSERT INTO `price`(`id`, `price`) VALUES ('21000263','25');
INSERT INTO `stock`(`id`, `quantity`) VALUES ('21000263','23');
INSERT INTO `items`(`id`, `description`, `category_id`, `price_id`, `stock_id`) VALUES ('21000264','LG CP150', '21', '21000264', '21000264');
INSERT INTO `price`(`id`, `price`) VALUES ('21000264','57');
INSERT INTO `stock`(`id`, `quantity`) VALUES ('21000264','19');
INSERT INTO `items`(`id`, `description`, `category_id`, `price_id`, `stock_id`) VALUES ('21000265','LG E900 Optimus 7', '21', '21000265', '21000265');
INSERT INTO `price`(`id`, `price`) VALUES ('21000265','35');
INSERT INTO `stock`(`id`, `quantity`) VALUES ('21000265','70');
INSERT INTO `items`(`id`, `description`, `category_id`, `price_id`, `stock_id`) VALUES ('21000266','LG Fireweb', '21', '21000266', '21000266');
INSERT INTO `price`(`id`, `price`) VALUES ('21000266','1');
INSERT INTO `stock`(`id`, `quantity`) VALUES ('21000266','75');
INSERT INTO `items`(`id`, `description`, `category_id`, `price_id`, `stock_id`) VALUES ('21000267','LG G Pad 10.1', '21', '21000267', '21000267');
INSERT INTO `price`(`id`, `price`) VALUES ('21000267','59');
INSERT INTO `stock`(`id`, `quantity`) VALUES ('21000267','71');
INSERT INTO `items`(`id`, `description`, `category_id`, `price_id`, `stock_id`) VALUES ('21000268','LG G Pad 8.3 LTE', '21', '21000268', '21000268');
INSERT INTO `price`(`id`, `price`) VALUES ('21000268','65');
INSERT INTO `stock`(`id`, `quantity`) VALUES ('21000268','45');
INSERT INTO `items`(`id`, `description`, `category_id`, `price_id`, `stock_id`) VALUES ('21000269','LG G1600', '21', '21000269', '21000269');
INSERT INTO `price`(`id`, `price`) VALUES ('21000269','5');
INSERT INTO `stock`(`id`, `quantity`) VALUES ('21000269','26');
INSERT INTO `items`(`id`, `description`, `category_id`, `price_id`, `stock_id`) VALUES ('21000270','LG G4', '21', '21000270', '21000270');
INSERT INTO `price`(`id`, `price`) VALUES ('21000270','36');
INSERT INTO `stock`(`id`, `quantity`) VALUES ('21000270','68');
INSERT INTO `items`(`id`, `description`, `category_id`, `price_id`, `stock_id`) VALUES ('21000271','LG G7100', '21', '21000271', '21000271');
INSERT INTO `price`(`id`, `price`) VALUES ('21000271','30');
INSERT INTO `stock`(`id`, `quantity`) VALUES ('21000271','25');
INSERT INTO `items`(`id`, `description`, `category_id`, `price_id`, `stock_id`) VALUES ('21000272','LG GB109', '21', '21000272', '21000272');
INSERT INTO `price`(`id`, `price`) VALUES ('21000272','37');
INSERT INTO `stock`(`id`, `quantity`) VALUES ('21000272','75');
INSERT INTO `items`(`id`, `description`, `category_id`, `price_id`, `stock_id`) VALUES ('21000273','LG GB280', '21', '21000273', '21000273');
INSERT INTO `price`(`id`, `price`) VALUES ('21000273','87');
INSERT INTO `stock`(`id`, `quantity`) VALUES ('21000273','59');
INSERT INTO `items`(`id`, `description`, `category_id`, `price_id`, `stock_id`) VALUES ('21000274','LG GM750', '21', '21000274', '21000274');
INSERT INTO `price`(`id`, `price`) VALUES ('21000274','72');
INSERT INTO `stock`(`id`, `quantity`) VALUES ('21000274','96');
INSERT INTO `items`(`id`, `description`, `category_id`, `price_id`, `stock_id`) VALUES ('21000275','LG GT505', '21', '21000275', '21000275');
INSERT INTO `price`(`id`, `price`) VALUES ('21000275','26');
INSERT INTO `stock`(`id`, `quantity`) VALUES ('21000275','19');
INSERT INTO `items`(`id`, `description`, `category_id`, `price_id`, `stock_id`) VALUES ('21000276','LG GT950 Arena', '21', '21000276', '21000276');
INSERT INTO `price`(`id`, `price`) VALUES ('21000276','93');
INSERT INTO `stock`(`id`, `quantity`) VALUES ('21000276','1');
INSERT INTO `items`(`id`, `description`, `category_id`, `price_id`, `stock_id`) VALUES ('21000277','LG GW820 eXpo', '21', '21000277', '21000277');
INSERT INTO `price`(`id`, `price`) VALUES ('21000277','82');
INSERT INTO `stock`(`id`, `quantity`) VALUES ('21000277','60');
INSERT INTO `items`(`id`, `description`, `category_id`, `price_id`, `stock_id`) VALUES ('21000278','LG Joy', '21', '21000278', '21000278');
INSERT INTO `price`(`id`, `price`) VALUES ('21000278','61');
INSERT INTO `stock`(`id`, `quantity`) VALUES ('21000278','70');
INSERT INTO `items`(`id`, `description`, `category_id`, `price_id`, `stock_id`) VALUES ('21000279','LG K10 (2017)', '21', '21000279', '21000279');
INSERT INTO `price`(`id`, `price`) VALUES ('21000279','33');
INSERT INTO `stock`(`id`, `quantity`) VALUES ('21000279','42');
INSERT INTO `items`(`id`, `description`, `category_id`, `price_id`, `stock_id`) VALUES ('21000280','LG K4 (2017)', '21', '21000280', '21000280');
INSERT INTO `price`(`id`, `price`) VALUES ('21000280','17');
INSERT INTO `stock`(`id`, `quantity`) VALUES ('21000280','92');
INSERT INTO `items`(`id`, `description`, `category_id`, `price_id`, `stock_id`) VALUES ('21000281','LG K51S', '21', '21000281', '21000281');
INSERT INTO `price`(`id`, `price`) VALUES ('21000281','5');
INSERT INTO `stock`(`id`, `quantity`) VALUES ('21000281','86');
INSERT INTO `items`(`id`, `description`, `category_id`, `price_id`, `stock_id`) VALUES ('21000282','LG K7', '21', '21000282', '21000282');
INSERT INTO `price`(`id`, `price`) VALUES ('21000282','17');
INSERT INTO `stock`(`id`, `quantity`) VALUES ('21000282','86');
INSERT INTO `items`(`id`, `description`, `category_id`, `price_id`, `stock_id`) VALUES ('21000283','LG KC780', '21', '21000283', '21000283');
INSERT INTO `price`(`id`, `price`) VALUES ('21000283','82');
INSERT INTO `stock`(`id`, `quantity`) VALUES ('21000283','69');
INSERT INTO `items`(`id`, `description`, `category_id`, `price_id`, `stock_id`) VALUES ('21000284','LG KF900 Prada', '21', '21000284', '21000284');
INSERT INTO `price`(`id`, `price`) VALUES ('21000284','39');
INSERT INTO `stock`(`id`, `quantity`) VALUES ('21000284','25');
INSERT INTO `items`(`id`, `description`, `category_id`, `price_id`, `stock_id`) VALUES ('21000285','LG KG200', '21', '21000285', '21000285');
INSERT INTO `price`(`id`, `price`) VALUES ('21000285','50');
INSERT INTO `stock`(`id`, `quantity`) VALUES ('21000285','83');
INSERT INTO `items`(`id`, `description`, `category_id`, `price_id`, `stock_id`) VALUES ('21000286','LG KS10', '21', '21000286', '21000286');
INSERT INTO `price`(`id`, `price`) VALUES ('21000286','10');
INSERT INTO `stock`(`id`, `quantity`) VALUES ('21000286','86');
INSERT INTO `items`(`id`, `description`, `category_id`, `price_id`, `stock_id`) VALUES ('21000287','LG KT610', '21', '21000287', '21000287');
INSERT INTO `price`(`id`, `price`) VALUES ('21000287','20');
INSERT INTO `stock`(`id`, `quantity`) VALUES ('21000287','96');
INSERT INTO `items`(`id`, `description`, `category_id`, `price_id`, `stock_id`) VALUES ('21000288','LG KU990 Viewty', '21', '21000288', '21000288');
INSERT INTO `price`(`id`, `price`) VALUES ('21000288','57');
INSERT INTO `stock`(`id`, `quantity`) VALUES ('21000288','81');
INSERT INTO `items`(`id`, `description`, `category_id`, `price_id`, `stock_id`) VALUES ('21000289','LG L342i', '21', '21000289', '21000289');
INSERT INTO `price`(`id`, `price`) VALUES ('21000289','32');
INSERT INTO `stock`(`id`, `quantity`) VALUES ('21000289','51');
INSERT INTO `items`(`id`, `description`, `category_id`, `price_id`, `stock_id`) VALUES ('21000290','LG L60', '21', '21000290', '21000290');
INSERT INTO `price`(`id`, `price`) VALUES ('21000290','47');
INSERT INTO `stock`(`id`, `quantity`) VALUES ('21000290','53');
INSERT INTO `items`(`id`, `description`, `category_id`, `price_id`, `stock_id`) VALUES ('21000291','LG L90 D405', '21', '21000291', '21000291');
INSERT INTO `price`(`id`, `price`) VALUES ('21000291','67');
INSERT INTO `stock`(`id`, `quantity`) VALUES ('21000291','62');
INSERT INTO `items`(`id`, `description`, `category_id`, `price_id`, `stock_id`) VALUES ('21000292','LG L90 Dual D410', '21', '21000292', '21000292');
INSERT INTO `price`(`id`, `price`) VALUES ('21000292','35');
INSERT INTO `stock`(`id`, `quantity`) VALUES ('21000292','60');
INSERT INTO `items`(`id`, `description`, `category_id`, `price_id`, `stock_id`) VALUES ('21000293','LG Lucid2 VS870', '21', '21000293', '21000293');
INSERT INTO `price`(`id`, `price`) VALUES ('21000293','73');
INSERT INTO `stock`(`id`, `quantity`) VALUES ('21000293','54');
INSERT INTO `items`(`id`, `description`, `category_id`, `price_id`, `stock_id`) VALUES ('21000294','LG Nexus 5', '21', '21000294', '21000294');
INSERT INTO `price`(`id`, `price`) VALUES ('21000294','96');
INSERT INTO `stock`(`id`, `quantity`) VALUES ('21000294','12');
INSERT INTO `items`(`id`, `description`, `category_id`, `price_id`, `stock_id`) VALUES ('21000295','LG Optimus 4G LTE P935', '21', '21000295', '21000295');
INSERT INTO `price`(`id`, `price`) VALUES ('21000295','21');
INSERT INTO `stock`(`id`, `quantity`) VALUES ('21000295','73');
INSERT INTO `items`(`id`, `description`, `category_id`, `price_id`, `stock_id`) VALUES ('21000296','LG Optimus EX SU880', '21', '21000296', '21000296');
INSERT INTO `price`(`id`, `price`) VALUES ('21000296','88');
INSERT INTO `stock`(`id`, `quantity`) VALUES ('21000296','81');
INSERT INTO `items`(`id`, `description`, `category_id`, `price_id`, `stock_id`) VALUES ('21000297','LG Optimus G E970', '21', '21000297', '21000297');
INSERT INTO `price`(`id`, `price`) VALUES ('21000297','5');
INSERT INTO `stock`(`id`, `quantity`) VALUES ('21000297','98');
INSERT INTO `items`(`id`, `description`, `category_id`, `price_id`, `stock_id`) VALUES ('21000298','LG Optimus G E975', '21', '21000298', '21000298');
INSERT INTO `price`(`id`, `price`) VALUES ('21000298','65');
INSERT INTO `stock`(`id`, `quantity`) VALUES ('21000298','9');
INSERT INTO `items`(`id`, `description`, `category_id`, `price_id`, `stock_id`) VALUES ('21000299','LG Optimus LTE', '21', '21000299', '21000299');
INSERT INTO `price`(`id`, `price`) VALUES ('21000299','15');
INSERT INTO `stock`(`id`, `quantity`) VALUES ('21000299','78');
INSERT INTO `items`(`id`, `description`, `category_id`, `price_id`, `stock_id`) VALUES ('21000300','LG Optimus S', '21', '21000300', '21000300');
INSERT INTO `price`(`id`, `price`) VALUES ('21000300','25');
INSERT INTO `stock`(`id`, `quantity`) VALUES ('21000300','71');
INSERT INTO `items`(`id`, `description`, `category_id`, `price_id`, `stock_id`) VALUES ('21000301','LG Optimus Slider', '21', '21000301', '21000301');
INSERT INTO `price`(`id`, `price`) VALUES ('21000301','13');
INSERT INTO `stock`(`id`, `quantity`) VALUES ('21000301','39');
INSERT INTO `items`(`id`, `description`, `category_id`, `price_id`, `stock_id`) VALUES ('21000302','LG Optimus T', '21', '21000302', '21000302');
INSERT INTO `price`(`id`, `price`) VALUES ('21000302','39');
INSERT INTO `stock`(`id`, `quantity`) VALUES ('21000302','85');
INSERT INTO `items`(`id`, `description`, `category_id`, `price_id`, `stock_id`) VALUES ('21000303','LG Optimus Z', '21', '21000303', '21000303');
INSERT INTO `price`(`id`, `price`) VALUES ('21000303','60');
INSERT INTO `stock`(`id`, `quantity`) VALUES ('21000303','57');
INSERT INTO `items`(`id`, `description`, `category_id`, `price_id`, `stock_id`) VALUES ('21000304','LG Q8 (2017)', '21', '21000304', '21000304');
INSERT INTO `price`(`id`, `price`) VALUES ('21000304','18');
INSERT INTO `stock`(`id`, `quantity`) VALUES ('21000304','60');
INSERT INTO `items`(`id`, `description`, `category_id`, `price_id`, `stock_id`) VALUES ('21000305','LG Quantum', '21', '21000305', '21000305');
INSERT INTO `price`(`id`, `price`) VALUES ('21000305','61');
INSERT INTO `stock`(`id`, `quantity`) VALUES ('21000305','98');
INSERT INTO `items`(`id`, `description`, `category_id`, `price_id`, `stock_id`) VALUES ('21000306','LG Spectrum II 4G VS930', '21', '21000306', '21000306');
INSERT INTO `price`(`id`, `price`) VALUES ('21000306','22');
INSERT INTO `stock`(`id`, `quantity`) VALUES ('21000306','77');
INSERT INTO `items`(`id`, `description`, `category_id`, `price_id`, `stock_id`) VALUES ('21000307','LG U8150', '21', '21000307', '21000307');
INSERT INTO `price`(`id`, `price`) VALUES ('21000307','12');
INSERT INTO `stock`(`id`, `quantity`) VALUES ('21000307','4');
INSERT INTO `items`(`id`, `description`, `category_id`, `price_id`, `stock_id`) VALUES ('21000308','LG U8380', '21', '21000308', '21000308');
INSERT INTO `price`(`id`, `price`) VALUES ('21000308','19');
INSERT INTO `stock`(`id`, `quantity`) VALUES ('21000308','28');
INSERT INTO `items`(`id`, `description`, `category_id`, `price_id`, `stock_id`) VALUES ('21000309','LG V30S ThinQ', '21', '21000309', '21000309');
INSERT INTO `price`(`id`, `price`) VALUES ('21000309','49');
INSERT INTO `stock`(`id`, `quantity`) VALUES ('21000309','75');
INSERT INTO `items`(`id`, `description`, `category_id`, `price_id`, `stock_id`) VALUES ('21000310','LG W31+', '21', '21000310', '21000310');
INSERT INTO `price`(`id`, `price`) VALUES ('21000310','70');
INSERT INTO `stock`(`id`, `quantity`) VALUES ('21000310','13');
INSERT INTO `items`(`id`, `description`, `category_id`, `price_id`, `stock_id`) VALUES ('21000311','LG W5200', '21', '21000311', '21000311');
INSERT INTO `price`(`id`, `price`) VALUES ('21000311','46');
INSERT INTO `stock`(`id`, `quantity`) VALUES ('21000311','40');
INSERT INTO `items`(`id`, `description`, `category_id`, `price_id`, `stock_id`) VALUES ('21000312','LG Watch Urbane 2nd Edition LTE', '21', '21000312', '21000312');
INSERT INTO `price`(`id`, `price`) VALUES ('21000312','40');
INSERT INTO `stock`(`id`, `quantity`) VALUES ('21000312','87');
INSERT INTO `items`(`id`, `description`, `category_id`, `price_id`, `stock_id`) VALUES ('21000313','LG Wink Plus GT350i', '21', '21000313', '21000313');
INSERT INTO `price`(`id`, `price`) VALUES ('21000313','3');
INSERT INTO `stock`(`id`, `quantity`) VALUES ('21000313','14');
INSERT INTO `items`(`id`, `description`, `category_id`, `price_id`, `stock_id`) VALUES ('21000314','LG Wink Style T310', '21', '21000314', '21000314');
INSERT INTO `price`(`id`, `price`) VALUES ('21000314','80');
INSERT INTO `stock`(`id`, `quantity`) VALUES ('21000314','71');
INSERT INTO `items`(`id`, `description`, `category_id`, `price_id`, `stock_id`) VALUES ('21000315','LG X venture', '21', '21000315', '21000315');
INSERT INTO `price`(`id`, `price`) VALUES ('21000315','38');
INSERT INTO `stock`(`id`, `quantity`) VALUES ('21000315','80');
INSERT INTO `items`(`id`, `description`, `category_id`, `price_id`, `stock_id`) VALUES ('22000316','Lava 3G 415', '22', '22000316', '22000316');
INSERT INTO `price`(`id`, `price`) VALUES ('22000316','72');
INSERT INTO `stock`(`id`, `quantity`) VALUES ('22000316','81');
INSERT INTO `items`(`id`, `description`, `category_id`, `price_id`, `stock_id`) VALUES ('22000317','Lava A79', '22', '22000317', '22000317');
INSERT INTO `price`(`id`, `price`) VALUES ('22000317','98');
INSERT INTO `stock`(`id`, `quantity`) VALUES ('22000317','43');
INSERT INTO `items`(`id`, `description`, `category_id`, `price_id`, `stock_id`) VALUES ('22000318','Lava A82', '22', '22000318', '22000318');
INSERT INTO `price`(`id`, `price`) VALUES ('22000318','80');
INSERT INTO `stock`(`id`, `quantity`) VALUES ('22000318','28');
INSERT INTO `items`(`id`, `description`, `category_id`, `price_id`, `stock_id`) VALUES ('22000319','Lava A97', '22', '22000319', '22000319');
INSERT INTO `price`(`id`, `price`) VALUES ('22000319','68');
INSERT INTO `stock`(`id`, `quantity`) VALUES ('22000319','31');
INSERT INTO `items`(`id`, `description`, `category_id`, `price_id`, `stock_id`) VALUES ('22000320','Lava Iris 349S', '22', '22000320', '22000320');
INSERT INTO `price`(`id`, `price`) VALUES ('22000320','97');
INSERT INTO `stock`(`id`, `quantity`) VALUES ('22000320','31');
INSERT INTO `items`(`id`, `description`, `category_id`, `price_id`, `stock_id`) VALUES ('22000321','Lava Iris 350m', '22', '22000321', '22000321');
INSERT INTO `price`(`id`, `price`) VALUES ('22000321','70');
INSERT INTO `stock`(`id`, `quantity`) VALUES ('22000321','93');
INSERT INTO `items`(`id`, `description`, `category_id`, `price_id`, `stock_id`) VALUES ('22000322','Lava Iris 360 Music', '22', '22000322', '22000322');
INSERT INTO `price`(`id`, `price`) VALUES ('22000322','49');
INSERT INTO `stock`(`id`, `quantity`) VALUES ('22000322','19');
INSERT INTO `items`(`id`, `description`, `category_id`, `price_id`, `stock_id`) VALUES ('22000323','Lava Iris Atom', '22', '22000323', '22000323');
INSERT INTO `price`(`id`, `price`) VALUES ('22000323','22');
INSERT INTO `stock`(`id`, `quantity`) VALUES ('22000323','99');
INSERT INTO `items`(`id`, `description`, `category_id`, `price_id`, `stock_id`) VALUES ('22000324','Lava Iris Pro 30', '22', '22000324', '22000324');
INSERT INTO `price`(`id`, `price`) VALUES ('22000324','42');
INSERT INTO `stock`(`id`, `quantity`) VALUES ('22000324','82');
INSERT INTO `items`(`id`, `description`, `category_id`, `price_id`, `stock_id`) VALUES ('22000325','Lava Iris Pro 30+', '22', '22000325', '22000325');
INSERT INTO `price`(`id`, `price`) VALUES ('22000325','56');
INSERT INTO `stock`(`id`, `quantity`) VALUES ('22000325','87');
INSERT INTO `items`(`id`, `description`, `category_id`, `price_id`, `stock_id`) VALUES ('22000326','Lava Pixel V1', '22', '22000326', '22000326');
INSERT INTO `price`(`id`, `price`) VALUES ('22000326','48');
INSERT INTO `stock`(`id`, `quantity`) VALUES ('22000326','83');
INSERT INTO `items`(`id`, `description`, `category_id`, `price_id`, `stock_id`) VALUES ('22000327','Lava X11', '22', '22000327', '22000327');
INSERT INTO `price`(`id`, `price`) VALUES ('22000327','30');
INSERT INTO `stock`(`id`, `quantity`) VALUES ('22000327','39');
INSERT INTO `items`(`id`, `description`, `category_id`, `price_id`, `stock_id`) VALUES ('22000328','Lava X19', '22', '22000328', '22000328');
INSERT INTO `price`(`id`, `price`) VALUES ('22000328','48');
INSERT INTO `stock`(`id`, `quantity`) VALUES ('22000328','12');
INSERT INTO `items`(`id`, `description`, `category_id`, `price_id`, `stock_id`) VALUES ('22000329','Lava X46', '22', '22000329', '22000329');
INSERT INTO `price`(`id`, `price`) VALUES ('22000329','72');
INSERT INTO `stock`(`id`, `quantity`) VALUES ('22000329','26');
INSERT INTO `items`(`id`, `description`, `category_id`, `price_id`, `stock_id`) VALUES ('22000330','Lava Z1', '22', '22000330', '22000330');
INSERT INTO `price`(`id`, `price`) VALUES ('22000330','39');
INSERT INTO `stock`(`id`, `quantity`) VALUES ('22000330','60');
INSERT INTO `items`(`id`, `description`, `category_id`, `price_id`, `stock_id`) VALUES ('22000331','Lava Z80', '22', '22000331', '22000331');
INSERT INTO `price`(`id`, `price`) VALUES ('22000331','77');
INSERT INTO `stock`(`id`, `quantity`) VALUES ('22000331','75');
INSERT INTO `items`(`id`, `description`, `category_id`, `price_id`, `stock_id`) VALUES ('22000332','Lava Z90', '22', '22000332', '22000332');
INSERT INTO `price`(`id`, `price`) VALUES ('22000332','80');
INSERT INTO `stock`(`id`, `quantity`) VALUES ('22000332','2');
INSERT INTO `items`(`id`, `description`, `category_id`, `price_id`, `stock_id`) VALUES ('23000333','LeEco Le Pro 3 AI Edition', '23', '23000333', '23000333');
INSERT INTO `price`(`id`, `price`) VALUES ('23000333','30');
INSERT INTO `stock`(`id`, `quantity`) VALUES ('23000333','36');
INSERT INTO `items`(`id`, `description`, `category_id`, `price_id`, `stock_id`) VALUES ('23000334','LeEco Le Pro3', '23', '23000334', '23000334');
INSERT INTO `price`(`id`, `price`) VALUES ('23000334','28');
INSERT INTO `stock`(`id`, `quantity`) VALUES ('23000334','66');
INSERT INTO `items`(`id`, `description`, `category_id`, `price_id`, `stock_id`) VALUES ('23000335','LeEco Le Pro3 Elite', '23', '23000335', '23000335');
INSERT INTO `price`(`id`, `price`) VALUES ('23000335','89');
INSERT INTO `stock`(`id`, `quantity`) VALUES ('23000335','61');
INSERT INTO `items`(`id`, `description`, `category_id`, `price_id`, `stock_id`) VALUES ('24000336','Lenovo A1900', '24', '24000336', '24000336');
INSERT INTO `price`(`id`, `price`) VALUES ('24000336','87');
INSERT INTO `stock`(`id`, `quantity`) VALUES ('24000336','94');
INSERT INTO `items`(`id`, `description`, `category_id`, `price_id`, `stock_id`) VALUES ('24000337','Lenovo A269i', '24', '24000337', '24000337');
INSERT INTO `price`(`id`, `price`) VALUES ('24000337','31');
INSERT INTO `stock`(`id`, `quantity`) VALUES ('24000337','39');
INSERT INTO `items`(`id`, `description`, `category_id`, `price_id`, `stock_id`) VALUES ('24000338','Lenovo A319', '24', '24000338', '24000338');
INSERT INTO `price`(`id`, `price`) VALUES ('24000338','73');
INSERT INTO `stock`(`id`, `quantity`) VALUES ('24000338','73');
INSERT INTO `items`(`id`, `description`, `category_id`, `price_id`, `stock_id`) VALUES ('24000339','Lenovo A516', '24', '24000339', '24000339');
INSERT INTO `price`(`id`, `price`) VALUES ('24000339','49');
INSERT INTO `stock`(`id`, `quantity`) VALUES ('24000339','70');
INSERT INTO `items`(`id`, `description`, `category_id`, `price_id`, `stock_id`) VALUES ('24000340','Lenovo A606', '24', '24000340', '24000340');
INSERT INTO `price`(`id`, `price`) VALUES ('24000340','92');
INSERT INTO `stock`(`id`, `quantity`) VALUES ('24000340','86');
INSERT INTO `items`(`id`, `description`, `category_id`, `price_id`, `stock_id`) VALUES ('24000341','Lenovo A7000 Plus', '24', '24000341', '24000341');
INSERT INTO `price`(`id`, `price`) VALUES ('24000341','8');
INSERT INTO `stock`(`id`, `quantity`) VALUES ('24000341','73');
INSERT INTO `items`(`id`, `description`, `category_id`, `price_id`, `stock_id`) VALUES ('24000342','Lenovo A7000 Turbo', '24', '24000342', '24000342');
INSERT INTO `price`(`id`, `price`) VALUES ('24000342','10');
INSERT INTO `stock`(`id`, `quantity`) VALUES ('24000342','58');
INSERT INTO `items`(`id`, `description`, `category_id`, `price_id`, `stock_id`) VALUES ('24000343','Lenovo K320t', '24', '24000343', '24000343');
INSERT INTO `price`(`id`, `price`) VALUES ('24000343','35');
INSERT INTO `stock`(`id`, `quantity`) VALUES ('24000343','38');
INSERT INTO `items`(`id`, `description`, `category_id`, `price_id`, `stock_id`) VALUES ('24000344','Lenovo K8', '24', '24000344', '24000344');
INSERT INTO `price`(`id`, `price`) VALUES ('24000344','69');
INSERT INTO `stock`(`id`, `quantity`) VALUES ('24000344','25');
INSERT INTO `items`(`id`, `description`, `category_id`, `price_id`, `stock_id`) VALUES ('24000345','Lenovo S5', '24', '24000345', '24000345');
INSERT INTO `price`(`id`, `price`) VALUES ('24000345','89');
INSERT INTO `stock`(`id`, `quantity`) VALUES ('24000345','60');
INSERT INTO `items`(`id`, `description`, `category_id`, `price_id`, `stock_id`) VALUES ('24000346','Lenovo Tab 2 A7-20', '24', '24000346', '24000346');
INSERT INTO `price`(`id`, `price`) VALUES ('24000346','21');
INSERT INTO `stock`(`id`, `quantity`) VALUES ('24000346','94');
INSERT INTO `items`(`id`, `description`, `category_id`, `price_id`, `stock_id`) VALUES ('24000347','Lenovo Vibe Z3 Pro', '24', '24000347', '24000347');
INSERT INTO `price`(`id`, `price`) VALUES ('24000347','45');
INSERT INTO `stock`(`id`, `quantity`) VALUES ('24000347','89');
INSERT INTO `items`(`id`, `description`, `category_id`, `price_id`, `stock_id`) VALUES ('24000348','Lenovo Yoga Tablet 2 Pro', '24', '24000348', '24000348');
INSERT INTO `price`(`id`, `price`) VALUES ('24000348','36');
INSERT INTO `stock`(`id`, `quantity`) VALUES ('24000348','9');
INSERT INTO `items`(`id`, `description`, `category_id`, `price_id`, `stock_id`) VALUES ('24000349','Lenovo Z5s', '24', '24000349', '24000349');
INSERT INTO `price`(`id`, `price`) VALUES ('24000349','10');
INSERT INTO `stock`(`id`, `quantity`) VALUES ('24000349','10');
INSERT INTO `items`(`id`, `description`, `category_id`, `price_id`, `stock_id`) VALUES ('24000350','Lenovo ZUK Z2 Pro', '24', '24000350', '24000350');
INSERT INTO `price`(`id`, `price`) VALUES ('24000350','31');
INSERT INTO `stock`(`id`, `quantity`) VALUES ('24000350','13');
INSERT INTO `items`(`id`, `description`, `category_id`, `price_id`, `stock_id`) VALUES ('25000351','Maxon MX-6814', '25', '25000351', '25000351');
INSERT INTO `price`(`id`, `price`) VALUES ('25000351','76');
INSERT INTO `stock`(`id`, `quantity`) VALUES ('25000351','20');
INSERT INTO `items`(`id`, `description`, `category_id`, `price_id`, `stock_id`) VALUES ('25000352','Maxon MX-6869', '25', '25000352', '25000352');
INSERT INTO `price`(`id`, `price`) VALUES ('25000352','84');
INSERT INTO `stock`(`id`, `quantity`) VALUES ('25000352','10');
INSERT INTO `items`(`id`, `description`, `category_id`, `price_id`, `stock_id`) VALUES ('25000353','Maxon MX-7750', '25', '25000353', '25000353');
INSERT INTO `price`(`id`, `price`) VALUES ('25000353','11');
INSERT INTO `stock`(`id`, `quantity`) VALUES ('25000353','7');
INSERT INTO `items`(`id`, `description`, `category_id`, `price_id`, `stock_id`) VALUES ('25000354','Maxon MX-C160', '25', '25000354', '25000354');
INSERT INTO `price`(`id`, `price`) VALUES ('25000354','1');
INSERT INTO `stock`(`id`, `quantity`) VALUES ('25000354','55');
INSERT INTO `items`(`id`, `description`, `category_id`, `price_id`, `stock_id`) VALUES ('25000355','Maxon MX-V10', '25', '25000355', '25000355');
INSERT INTO `price`(`id`, `price`) VALUES ('25000355','77');
INSERT INTO `stock`(`id`, `quantity`) VALUES ('25000355','28');
INSERT INTO `items`(`id`, `description`, `category_id`, `price_id`, `stock_id`) VALUES ('26000356','Maxwest Astro 3.5', '26', '26000356', '26000356');
INSERT INTO `price`(`id`, `price`) VALUES ('26000356','95');
INSERT INTO `stock`(`id`, `quantity`) VALUES ('26000356','71');
INSERT INTO `items`(`id`, `description`, `category_id`, `price_id`, `stock_id`) VALUES ('26000357','Maxwest Astro 5', '26', '26000357', '26000357');
INSERT INTO `price`(`id`, `price`) VALUES ('26000357','69');
INSERT INTO `stock`(`id`, `quantity`) VALUES ('26000357','6');
INSERT INTO `items`(`id`, `description`, `category_id`, `price_id`, `stock_id`) VALUES ('26000358','Maxwest Blade', '26', '26000358', '26000358');
INSERT INTO `price`(`id`, `price`) VALUES ('26000358','77');
INSERT INTO `stock`(`id`, `quantity`) VALUES ('26000358','80');
INSERT INTO `items`(`id`, `description`, `category_id`, `price_id`, `stock_id`) VALUES ('26000359','Maxwest Nitro 55M', '26', '26000359', '26000359');
INSERT INTO `price`(`id`, `price`) VALUES ('26000359','63');
INSERT INTO `stock`(`id`, `quantity`) VALUES ('26000359','99');
INSERT INTO `items`(`id`, `description`, `category_id`, `price_id`, `stock_id`) VALUES ('26000360','Maxwest Nitro Phablet 71', '26', '26000360', '26000360');
INSERT INTO `price`(`id`, `price`) VALUES ('26000360','44');
INSERT INTO `stock`(`id`, `quantity`) VALUES ('26000360','49');
INSERT INTO `items`(`id`, `description`, `category_id`, `price_id`, `stock_id`) VALUES ('27000361','Meizu C9 Pro', '27', '27000361', '27000361');
INSERT INTO `price`(`id`, `price`) VALUES ('27000361','68');
INSERT INTO `stock`(`id`, `quantity`) VALUES ('27000361','55');
INSERT INTO `items`(`id`, `description`, `category_id`, `price_id`, `stock_id`) VALUES ('27000362','Meizu M3x', '27', '27000362', '27000362');
INSERT INTO `price`(`id`, `price`) VALUES ('27000362','90');
INSERT INTO `stock`(`id`, `quantity`) VALUES ('27000362','13');
INSERT INTO `items`(`id`, `description`, `category_id`, `price_id`, `stock_id`) VALUES ('27000363','Meizu M5 Note', '27', '27000363', '27000363');
INSERT INTO `price`(`id`, `price`) VALUES ('27000363','89');
INSERT INTO `stock`(`id`, `quantity`) VALUES ('27000363','1');
INSERT INTO `items`(`id`, `description`, `category_id`, `price_id`, `stock_id`) VALUES ('27000364','Meizu M5c', '27', '27000364', '27000364');
INSERT INTO `price`(`id`, `price`) VALUES ('27000364','76');
INSERT INTO `stock`(`id`, `quantity`) VALUES ('27000364','92');
INSERT INTO `items`(`id`, `description`, `category_id`, `price_id`, `stock_id`) VALUES ('27000365','Meizu MX3', '27', '27000365', '27000365');
INSERT INTO `price`(`id`, `price`) VALUES ('27000365','9');
INSERT INTO `stock`(`id`, `quantity`) VALUES ('27000365','94');
INSERT INTO `items`(`id`, `description`, `category_id`, `price_id`, `stock_id`) VALUES ('27000366','Meizu PRO 5', '27', '27000366', '27000366');
INSERT INTO `price`(`id`, `price`) VALUES ('27000366','23');
INSERT INTO `stock`(`id`, `quantity`) VALUES ('27000366','43');
INSERT INTO `items`(`id`, `description`, `category_id`, `price_id`, `stock_id`) VALUES ('28000367','Micromax A106 Unite 2', '28', '28000367', '28000367');
INSERT INTO `price`(`id`, `price`) VALUES ('28000367','13');
INSERT INTO `stock`(`id`, `quantity`) VALUES ('28000367','48');
INSERT INTO `items`(`id`, `description`, `category_id`, `price_id`, `stock_id`) VALUES ('28000368','Micromax A110 Canvas 2', '28', '28000368', '28000368');
INSERT INTO `price`(`id`, `price`) VALUES ('28000368','8');
INSERT INTO `stock`(`id`, `quantity`) VALUES ('28000368','94');
INSERT INTO `items`(`id`, `description`, `category_id`, `price_id`, `stock_id`) VALUES ('28000369','Micromax A50 Ninja', '28', '28000369', '28000369');
INSERT INTO `price`(`id`, `price`) VALUES ('28000369','10');
INSERT INTO `stock`(`id`, `quantity`) VALUES ('28000369','28');
INSERT INTO `items`(`id`, `description`, `category_id`, `price_id`, `stock_id`) VALUES ('28000370','Micromax A75', '28', '28000370', '28000370');
INSERT INTO `price`(`id`, `price`) VALUES ('28000370','3');
INSERT INTO `stock`(`id`, `quantity`) VALUES ('28000370','6');
INSERT INTO `items`(`id`, `description`, `category_id`, `price_id`, `stock_id`) VALUES ('28000371','Micromax A76', '28', '28000371', '28000371');
INSERT INTO `price`(`id`, `price`) VALUES ('28000371','92');
INSERT INTO `stock`(`id`, `quantity`) VALUES ('28000371','12');
INSERT INTO `items`(`id`, `description`, `category_id`, `price_id`, `stock_id`) VALUES ('28000372','Micromax A78', '28', '28000372', '28000372');
INSERT INTO `price`(`id`, `price`) VALUES ('28000372','90');
INSERT INTO `stock`(`id`, `quantity`) VALUES ('28000372','44');
INSERT INTO `items`(`id`, `description`, `category_id`, `price_id`, `stock_id`) VALUES ('28000373','Micromax Bharat 2 Q402', '28', '28000373', '28000373');
INSERT INTO `price`(`id`, `price`) VALUES ('28000373','44');
INSERT INTO `stock`(`id`, `quantity`) VALUES ('28000373','49');
INSERT INTO `items`(`id`, `description`, `category_id`, `price_id`, `stock_id`) VALUES ('28000374','Micromax Bharat 2+', '28', '28000374', '28000374');
INSERT INTO `price`(`id`, `price`) VALUES ('28000374','64');
INSERT INTO `stock`(`id`, `quantity`) VALUES ('28000374','10');
INSERT INTO `items`(`id`, `description`, `category_id`, `price_id`, `stock_id`) VALUES ('28000375','Micromax Bolt A067', '28', '28000375', '28000375');
INSERT INTO `price`(`id`, `price`) VALUES ('28000375','86');
INSERT INTO `stock`(`id`, `quantity`) VALUES ('28000375','29');
INSERT INTO `items`(`id`, `description`, `category_id`, `price_id`, `stock_id`) VALUES ('28000376','Micromax Bolt A27', '28', '28000376', '28000376');
INSERT INTO `price`(`id`, `price`) VALUES ('28000376','29');
INSERT INTO `stock`(`id`, `quantity`) VALUES ('28000376','75');
INSERT INTO `items`(`id`, `description`, `category_id`, `price_id`, `stock_id`) VALUES ('28000377','Micromax Bolt D303', '28', '28000377', '28000377');
INSERT INTO `price`(`id`, `price`) VALUES ('28000377','13');
INSERT INTO `stock`(`id`, `quantity`) VALUES ('28000377','65');
INSERT INTO `items`(`id`, `description`, `category_id`, `price_id`, `stock_id`) VALUES ('28000378','Micromax Bolt D321', '28', '28000378', '28000378');
INSERT INTO `price`(`id`, `price`) VALUES ('28000378','95');
INSERT INTO `stock`(`id`, `quantity`) VALUES ('28000378','92');
INSERT INTO `items`(`id`, `description`, `category_id`, `price_id`, `stock_id`) VALUES ('28000379','Micromax Bolt S302', '28', '28000379', '28000379');
INSERT INTO `price`(`id`, `price`) VALUES ('28000379','83');
INSERT INTO `stock`(`id`, `quantity`) VALUES ('28000379','5');
INSERT INTO `items`(`id`, `description`, `category_id`, `price_id`, `stock_id`) VALUES ('28000380','Micromax Bolt Supreme 2 Q301', '28', '28000380', '28000380');
INSERT INTO `price`(`id`, `price`) VALUES ('28000380','63');
INSERT INTO `stock`(`id`, `quantity`) VALUES ('28000380','82');
INSERT INTO `items`(`id`, `description`, `category_id`, `price_id`, `stock_id`) VALUES ('28000381','Micromax Canvas Pulse 4G E451', '28', '28000381', '28000381');
INSERT INTO `price`(`id`, `price`) VALUES ('28000381','73');
INSERT INTO `stock`(`id`, `quantity`) VALUES ('28000381','64');
INSERT INTO `items`(`id`, `description`, `category_id`, `price_id`, `stock_id`) VALUES ('28000382','Micromax Canvas Tab P470', '28', '28000382', '28000382');
INSERT INTO `price`(`id`, `price`) VALUES ('28000382','89');
INSERT INTO `stock`(`id`, `quantity`) VALUES ('28000382','12');
INSERT INTO `items`(`id`, `description`, `category_id`, `price_id`, `stock_id`) VALUES ('28000383','Micromax Canvas Xpress 2 E313', '28', '28000383', '28000383');
INSERT INTO `price`(`id`, `price`) VALUES ('28000383','50');
INSERT INTO `stock`(`id`, `quantity`) VALUES ('28000383','13');
INSERT INTO `items`(`id`, `description`, `category_id`, `price_id`, `stock_id`) VALUES ('28000384','Micromax M2', '28', '28000384', '28000384');
INSERT INTO `price`(`id`, `price`) VALUES ('28000384','39');
INSERT INTO `stock`(`id`, `quantity`) VALUES ('28000384','47');
INSERT INTO `items`(`id`, `description`, `category_id`, `price_id`, `stock_id`) VALUES ('28000385','Micromax Ninja A54', '28', '28000385', '28000385');
INSERT INTO `price`(`id`, `price`) VALUES ('28000385','31');
INSERT INTO `stock`(`id`, `quantity`) VALUES ('28000385','11');
INSERT INTO `items`(`id`, `description`, `category_id`, `price_id`, `stock_id`) VALUES ('28000386','Micromax Q372 Unite 3', '28', '28000386', '28000386');
INSERT INTO `price`(`id`, `price`) VALUES ('28000386','21');
INSERT INTO `stock`(`id`, `quantity`) VALUES ('28000386','21');
INSERT INTO `items`(`id`, `description`, `category_id`, `price_id`, `stock_id`) VALUES ('28000387','Micromax Superfone Punk A44', '28', '28000387', '28000387');
INSERT INTO `price`(`id`, `price`) VALUES ('28000387','79');
INSERT INTO `stock`(`id`, `quantity`) VALUES ('28000387','62');
INSERT INTO `items`(`id`, `description`, `category_id`, `price_id`, `stock_id`) VALUES ('28000388','Micromax X111', '28', '28000388', '28000388');
INSERT INTO `price`(`id`, `price`) VALUES ('28000388','21');
INSERT INTO `stock`(`id`, `quantity`) VALUES ('28000388','18');
INSERT INTO `items`(`id`, `description`, `category_id`, `price_id`, `stock_id`) VALUES ('28000389','Micromax X246', '28', '28000389', '28000389');
INSERT INTO `price`(`id`, `price`) VALUES ('28000389','4');
INSERT INTO `stock`(`id`, `quantity`) VALUES ('28000389','71');
INSERT INTO `items`(`id`, `description`, `category_id`, `price_id`, `stock_id`) VALUES ('28000390','Micromax X295', '28', '28000390', '28000390');
INSERT INTO `price`(`id`, `price`) VALUES ('28000390','48');
INSERT INTO `stock`(`id`, `quantity`) VALUES ('28000390','61');
INSERT INTO `items`(`id`, `description`, `category_id`, `price_id`, `stock_id`) VALUES ('28000391','Micromax X396', '28', '28000391', '28000391');
INSERT INTO `price`(`id`, `price`) VALUES ('28000391','97');
INSERT INTO `stock`(`id`, `quantity`) VALUES ('28000391','56');
INSERT INTO `items`(`id`, `description`, `category_id`, `price_id`, `stock_id`) VALUES ('28000392','Micromax X640', '28', '28000392', '28000392');
INSERT INTO `price`(`id`, `price`) VALUES ('28000392','46');
INSERT INTO `stock`(`id`, `quantity`) VALUES ('28000392','3');
INSERT INTO `items`(`id`, `description`, `category_id`, `price_id`, `stock_id`) VALUES ('29000393','Microsoft Kin TWOm', '29', '29000393', '29000393');
INSERT INTO `price`(`id`, `price`) VALUES ('29000393','1');
INSERT INTO `stock`(`id`, `quantity`) VALUES ('29000393','87');
INSERT INTO `items`(`id`, `description`, `category_id`, `price_id`, `stock_id`) VALUES ('29000394','Microsoft Lumia 540 Dual SIM', '29', '29000394', '29000394');
INSERT INTO `price`(`id`, `price`) VALUES ('29000394','11');
INSERT INTO `stock`(`id`, `quantity`) VALUES ('29000394','86');
INSERT INTO `items`(`id`, `description`, `category_id`, `price_id`, `stock_id`) VALUES ('29000395','Microsoft Lumia 950 XL', '29', '29000395', '29000395');
INSERT INTO `price`(`id`, `price`) VALUES ('29000395','30');
INSERT INTO `stock`(`id`, `quantity`) VALUES ('29000395','83');
INSERT INTO `items`(`id`, `description`, `category_id`, `price_id`, `stock_id`) VALUES ('29000396','Microsoft Lumia 950 XL Dual SIM', '29', '29000396', '29000396');
INSERT INTO `price`(`id`, `price`) VALUES ('29000396','4');
INSERT INTO `stock`(`id`, `quantity`) VALUES ('29000396','90');
INSERT INTO `items`(`id`, `description`, `category_id`, `price_id`, `stock_id`) VALUES ('30000397','Mitac MIO 8390', '30', '30000397', '30000397');
INSERT INTO `price`(`id`, `price`) VALUES ('30000397','62');
INSERT INTO `stock`(`id`, `quantity`) VALUES ('30000397','70');
INSERT INTO `items`(`id`, `description`, `category_id`, `price_id`, `stock_id`) VALUES ('31000398','Mitsubishi M350', '31', '31000398', '31000398');
INSERT INTO `price`(`id`, `price`) VALUES ('31000398','54');
INSERT INTO `stock`(`id`, `quantity`) VALUES ('31000398','7');
INSERT INTO `items`(`id`, `description`, `category_id`, `price_id`, `stock_id`) VALUES ('31000399','Mitsubishi Trium Aria', '31', '31000399', '31000399');
INSERT INTO `price`(`id`, `price`) VALUES ('31000399','64');
INSERT INTO `stock`(`id`, `quantity`) VALUES ('31000399','100');
INSERT INTO `items`(`id`, `description`, `category_id`, `price_id`, `stock_id`) VALUES ('32000400','Motorola A1890', '32', '32000400', '32000400');
INSERT INTO `price`(`id`, `price`) VALUES ('32000400','85');
INSERT INTO `stock`(`id`, `quantity`) VALUES ('32000400','7');
INSERT INTO `items`(`id`, `description`, `category_id`, `price_id`, `stock_id`) VALUES ('32000401','Motorola A6188', '32', '32000401', '32000401');
INSERT INTO `price`(`id`, `price`) VALUES ('32000401','73');
INSERT INTO `stock`(`id`, `quantity`) VALUES ('32000401','80');
INSERT INTO `items`(`id`, `description`, `category_id`, `price_id`, `stock_id`) VALUES ('32000402','Motorola C116', '32', '32000402', '32000402');
INSERT INTO `price`(`id`, `price`) VALUES ('32000402','20');
INSERT INTO `stock`(`id`, `quantity`) VALUES ('32000402','6');
INSERT INTO `items`(`id`, `description`, `category_id`, `price_id`, `stock_id`) VALUES ('32000403','Motorola C250', '32', '32000403', '32000403');
INSERT INTO `price`(`id`, `price`) VALUES ('32000403','44');
INSERT INTO `stock`(`id`, `quantity`) VALUES ('32000403','7');
INSERT INTO `items`(`id`, `description`, `category_id`, `price_id`, `stock_id`) VALUES ('32000404','Motorola C650', '32', '32000404', '32000404');
INSERT INTO `price`(`id`, `price`) VALUES ('32000404','61');
INSERT INTO `stock`(`id`, `quantity`) VALUES ('32000404','71');
INSERT INTO `items`(`id`, `description`, `category_id`, `price_id`, `stock_id`) VALUES ('32000405','Motorola CUPE', '32', '32000405', '32000405');
INSERT INTO `price`(`id`, `price`) VALUES ('32000405','37');
INSERT INTO `stock`(`id`, `quantity`) VALUES ('32000405','97');
INSERT INTO `items`(`id`, `description`, `category_id`, `price_id`, `stock_id`) VALUES ('32000406','Motorola DROID 4 XT894', '32', '32000406', '32000406');
INSERT INTO `price`(`id`, `price`) VALUES ('32000406','78');
INSERT INTO `stock`(`id`, `quantity`) VALUES ('32000406','62');
INSERT INTO `items`(`id`, `description`, `category_id`, `price_id`, `stock_id`) VALUES ('32000407','Motorola DROID BIONIC XT865', '32', '32000407', '32000407');
INSERT INTO `price`(`id`, `price`) VALUES ('32000407','85');
INSERT INTO `stock`(`id`, `quantity`) VALUES ('32000407','24');
INSERT INTO `items`(`id`, `description`, `category_id`, `price_id`, `stock_id`) VALUES ('32000408','Motorola DROID Mini', '32', '32000408', '32000408');
INSERT INTO `price`(`id`, `price`) VALUES ('32000408','64');
INSERT INTO `stock`(`id`, `quantity`) VALUES ('32000408','100');
INSERT INTO `items`(`id`, `description`, `category_id`, `price_id`, `stock_id`) VALUES ('32000409','Motorola DROID RAZR HD', '32', '32000409', '32000409');
INSERT INTO `price`(`id`, `price`) VALUES ('32000409','82');
INSERT INTO `stock`(`id`, `quantity`) VALUES ('32000409','13');
INSERT INTO `items`(`id`, `description`, `category_id`, `price_id`, `stock_id`) VALUES ('32000410','Motorola E11', '32', '32000410', '32000410');
INSERT INTO `price`(`id`, `price`) VALUES ('32000410','85');
INSERT INTO `stock`(`id`, `quantity`) VALUES ('32000410','94');
INSERT INTO `items`(`id`, `description`, `category_id`, `price_id`, `stock_id`) VALUES ('32000411','Motorola E680', '32', '32000411', '32000411');
INSERT INTO `price`(`id`, `price`) VALUES ('32000411','97');
INSERT INTO `stock`(`id`, `quantity`) VALUES ('32000411','16');
INSERT INTO `items`(`id`, `description`, `category_id`, `price_id`, `stock_id`) VALUES ('32000412','Motorola Edge+', '32', '32000412', '32000412');
INSERT INTO `price`(`id`, `price`) VALUES ('32000412','76');
INSERT INTO `stock`(`id`, `quantity`) VALUES ('32000412','80');
INSERT INTO `items`(`id`, `description`, `category_id`, `price_id`, `stock_id`) VALUES ('32000413','Motorola FIRE XT', '32', '32000413', '32000413');
INSERT INTO `price`(`id`, `price`) VALUES ('32000413','10');
INSERT INTO `stock`(`id`, `quantity`) VALUES ('32000413','3');
INSERT INTO `items`(`id`, `description`, `category_id`, `price_id`, `stock_id`) VALUES ('32000414','Motorola GLEAM+ WX308', '32', '32000414', '32000414');
INSERT INTO `price`(`id`, `price`) VALUES ('32000414','92');
INSERT INTO `stock`(`id`, `quantity`) VALUES ('32000414','19');
INSERT INTO `items`(`id`, `description`, `category_id`, `price_id`, `stock_id`) VALUES ('32000415','Motorola MILESTONE 2', '32', '32000415', '32000415');
INSERT INTO `price`(`id`, `price`) VALUES ('32000415','55');
INSERT INTO `stock`(`id`, `quantity`) VALUES ('32000415','20');
INSERT INTO `items`(`id`, `description`, `category_id`, `price_id`, `stock_id`) VALUES ('32000416','Motorola MOTO ME525', '32', '32000416', '32000416');
INSERT INTO `price`(`id`, `price`) VALUES ('32000416','74');
INSERT INTO `stock`(`id`, `quantity`) VALUES ('32000416','19');
INSERT INTO `items`(`id`, `description`, `category_id`, `price_id`, `stock_id`) VALUES ('32000417','Motorola MOTO XT702', '32', '32000417', '32000417');
INSERT INTO `price`(`id`, `price`) VALUES ('32000417','45');
INSERT INTO `stock`(`id`, `quantity`) VALUES ('32000417','39');
INSERT INTO `items`(`id`, `description`, `category_id`, `price_id`, `stock_id`) VALUES ('32000418','Motorola Moto E', '32', '32000418', '32000418');
INSERT INTO `price`(`id`, `price`) VALUES ('32000418','53');
INSERT INTO `stock`(`id`, `quantity`) VALUES ('32000418','54');
INSERT INTO `items`(`id`, `description`, `category_id`, `price_id`, `stock_id`) VALUES ('32000419','Motorola Moto E5 Plus', '32', '32000419', '32000419');
INSERT INTO `price`(`id`, `price`) VALUES ('32000419','55');
INSERT INTO `stock`(`id`, `quantity`) VALUES ('32000419','85');
INSERT INTO `items`(`id`, `description`, `category_id`, `price_id`, `stock_id`) VALUES ('32000420','Motorola Moto E6', '32', '32000420', '32000420');
INSERT INTO `price`(`id`, `price`) VALUES ('32000420','62');
INSERT INTO `stock`(`id`, `quantity`) VALUES ('32000420','27');
INSERT INTO `items`(`id`, `description`, `category_id`, `price_id`, `stock_id`) VALUES ('32000421','Motorola Moto G (2nd gen)', '32', '32000421', '32000421');
INSERT INTO `price`(`id`, `price`) VALUES ('32000421','20');
INSERT INTO `stock`(`id`, `quantity`) VALUES ('32000421','76');
INSERT INTO `items`(`id`, `description`, `category_id`, `price_id`, `stock_id`) VALUES ('32000422','Motorola Moto G (3rd gen)', '32', '32000422', '32000422');
INSERT INTO `price`(`id`, `price`) VALUES ('32000422','91');
INSERT INTO `stock`(`id`, `quantity`) VALUES ('32000422','39');
INSERT INTO `items`(`id`, `description`, `category_id`, `price_id`, `stock_id`) VALUES ('32000423','Motorola Moto G 4G (2nd gen)', '32', '32000423', '32000423');
INSERT INTO `price`(`id`, `price`) VALUES ('32000423','36');
INSERT INTO `stock`(`id`, `quantity`) VALUES ('32000423','21');
INSERT INTO `items`(`id`, `description`, `category_id`, `price_id`, `stock_id`) VALUES ('32000424','Motorola Moto G Fast', '32', '32000424', '32000424');
INSERT INTO `price`(`id`, `price`) VALUES ('32000424','97');
INSERT INTO `stock`(`id`, `quantity`) VALUES ('32000424','92');
INSERT INTO `items`(`id`, `description`, `category_id`, `price_id`, `stock_id`) VALUES ('32000425','Motorola Moto G5', '32', '32000425', '32000425');
INSERT INTO `price`(`id`, `price`) VALUES ('32000425','10');
INSERT INTO `stock`(`id`, `quantity`) VALUES ('32000425','8');
INSERT INTO `items`(`id`, `description`, `category_id`, `price_id`, `stock_id`) VALUES ('32000426','Motorola Moto G7', '32', '32000426', '32000426');
INSERT INTO `price`(`id`, `price`) VALUES ('32000426','24');
INSERT INTO `stock`(`id`, `quantity`) VALUES ('32000426','55');
INSERT INTO `items`(`id`, `description`, `category_id`, `price_id`, `stock_id`) VALUES ('32000427','Motorola Moto X', '32', '32000427', '32000427');
INSERT INTO `price`(`id`, `price`) VALUES ('32000427','73');
INSERT INTO `stock`(`id`, `quantity`) VALUES ('32000427','12');
INSERT INTO `items`(`id`, `description`, `category_id`, `price_id`, `stock_id`) VALUES ('32000428','Motorola QUENCH', '32', '32000428', '32000428');
INSERT INTO `price`(`id`, `price`) VALUES ('32000428','95');
INSERT INTO `stock`(`id`, `quantity`) VALUES ('32000428','63');
INSERT INTO `items`(`id`, `description`, `category_id`, `price_id`, `stock_id`) VALUES ('32000429','Motorola ROKR E2', '32', '32000429', '32000429');
INSERT INTO `price`(`id`, `price`) VALUES ('32000429','12');
INSERT INTO `stock`(`id`, `quantity`) VALUES ('32000429','71');
INSERT INTO `items`(`id`, `description`, `category_id`, `price_id`, `stock_id`) VALUES ('32000430','Motorola SPICE Key XT317', '32', '32000430', '32000430');
INSERT INTO `price`(`id`, `price`) VALUES ('32000430','67');
INSERT INTO `stock`(`id`, `quantity`) VALUES ('32000430','38');
INSERT INTO `items`(`id`, `description`, `category_id`, `price_id`, `stock_id`) VALUES ('32000431','Motorola Timeport 280', '32', '32000431', '32000431');
INSERT INTO `price`(`id`, `price`) VALUES ('32000431','56');
INSERT INTO `stock`(`id`, `quantity`) VALUES ('32000431','50');
INSERT INTO `items`(`id`, `description`, `category_id`, `price_id`, `stock_id`) VALUES ('32000432','Motorola V195', '32', '32000432', '32000432');
INSERT INTO `price`(`id`, `price`) VALUES ('32000432','67');
INSERT INTO `stock`(`id`, `quantity`) VALUES ('32000432','44');
INSERT INTO `items`(`id`, `description`, `category_id`, `price_id`, `stock_id`) VALUES ('32000433','Motorola V303', '32', '32000433', '32000433');
INSERT INTO `price`(`id`, `price`) VALUES ('32000433','14');
INSERT INTO `stock`(`id`, `quantity`) VALUES ('32000433','63');
INSERT INTO `items`(`id`, `description`, `category_id`, `price_id`, `stock_id`) VALUES ('32000434','Motorola V361', '32', '32000434', '32000434');
INSERT INTO `price`(`id`, `price`) VALUES ('32000434','58');
INSERT INTO `stock`(`id`, `quantity`) VALUES ('32000434','49');
INSERT INTO `items`(`id`, `description`, `category_id`, `price_id`, `stock_id`) VALUES ('32000435','Motorola V3x', '32', '32000435', '32000435');
INSERT INTO `price`(`id`, `price`) VALUES ('32000435','15');
INSERT INTO `stock`(`id`, `quantity`) VALUES ('32000435','88');
INSERT INTO `items`(`id`, `description`, `category_id`, `price_id`, `stock_id`) VALUES ('32000436','Motorola W177', '32', '32000436', '32000436');
INSERT INTO `price`(`id`, `price`) VALUES ('32000436','21');
INSERT INTO `stock`(`id`, `quantity`) VALUES ('32000436','64');
INSERT INTO `items`(`id`, `description`, `category_id`, `price_id`, `stock_id`) VALUES ('32000437','Motorola W388', '32', '32000437', '32000437');
INSERT INTO `price`(`id`, `price`) VALUES ('32000437','18');
INSERT INTO `stock`(`id`, `quantity`) VALUES ('32000437','81');
INSERT INTO `items`(`id`, `description`, `category_id`, `price_id`, `stock_id`) VALUES ('32000438','Motorola WX260', '32', '32000438', '32000438');
INSERT INTO `price`(`id`, `price`) VALUES ('32000438','67');
INSERT INTO `stock`(`id`, `quantity`) VALUES ('32000438','30');
INSERT INTO `items`(`id`, `description`, `category_id`, `price_id`, `stock_id`) VALUES ('33000439','NEC DB4100', '33', '33000439', '33000439');
INSERT INTO `price`(`id`, `price`) VALUES ('33000439','63');
INSERT INTO `stock`(`id`, `quantity`) VALUES ('33000439','26');
INSERT INTO `items`(`id`, `description`, `category_id`, `price_id`, `stock_id`) VALUES ('33000440','NEC N400i', '33', '33000440', '33000440');
INSERT INTO `price`(`id`, `price`) VALUES ('33000440','37');
INSERT INTO `stock`(`id`, `quantity`) VALUES ('33000440','79');
INSERT INTO `items`(`id`, `description`, `category_id`, `price_id`, `stock_id`) VALUES ('33000441','NEC N401i', '33', '33000441', '33000441');
INSERT INTO `price`(`id`, `price`) VALUES ('33000441','2');
INSERT INTO `stock`(`id`, `quantity`) VALUES ('33000441','11');
INSERT INTO `items`(`id`, `description`, `category_id`, `price_id`, `stock_id`) VALUES ('33000442','NEC N840', '33', '33000442', '33000442');
INSERT INTO `price`(`id`, `price`) VALUES ('33000442','100');
INSERT INTO `stock`(`id`, `quantity`) VALUES ('33000442','57');
INSERT INTO `items`(`id`, `description`, `category_id`, `price_id`, `stock_id`) VALUES ('33000443','NEC N850', '33', '33000443', '33000443');
INSERT INTO `price`(`id`, `price`) VALUES ('33000443','50');
INSERT INTO `stock`(`id`, `quantity`) VALUES ('33000443','62');
INSERT INTO `items`(`id`, `description`, `category_id`, `price_id`, `stock_id`) VALUES ('33000444','NEC e353', '33', '33000444', '33000444');
INSERT INTO `price`(`id`, `price`) VALUES ('33000444','93');
INSERT INTO `stock`(`id`, `quantity`) VALUES ('33000444','16');
INSERT INTO `items`(`id`, `description`, `category_id`, `price_id`, `stock_id`) VALUES ('34000445','Nokia 1202', '34', '34000445', '34000445');
INSERT INTO `price`(`id`, `price`) VALUES ('34000445','32');
INSERT INTO `stock`(`id`, `quantity`) VALUES ('34000445','16');
INSERT INTO `items`(`id`, `description`, `category_id`, `price_id`, `stock_id`) VALUES ('34000446','Nokia 125', '34', '34000446', '34000446');
INSERT INTO `price`(`id`, `price`) VALUES ('34000446','95');
INSERT INTO `stock`(`id`, `quantity`) VALUES ('34000446','81');
INSERT INTO `items`(`id`, `description`, `category_id`, `price_id`, `stock_id`) VALUES ('34000447','Nokia 1661', '34', '34000447', '34000447');
INSERT INTO `price`(`id`, `price`) VALUES ('34000447','71');
INSERT INTO `stock`(`id`, `quantity`) VALUES ('34000447','90');
INSERT INTO `items`(`id`, `description`, `category_id`, `price_id`, `stock_id`) VALUES ('34000448','Nokia 2 V Tella', '34', '34000448', '34000448');
INSERT INTO `price`(`id`, `price`) VALUES ('34000448','100');
INSERT INTO `stock`(`id`, `quantity`) VALUES ('34000448','78');
INSERT INTO `items`(`id`, `description`, `category_id`, `price_id`, `stock_id`) VALUES ('34000449','Nokia 2610', '34', '34000449', '34000449');
INSERT INTO `price`(`id`, `price`) VALUES ('34000449','64');
INSERT INTO `stock`(`id`, `quantity`) VALUES ('34000449','13');
INSERT INTO `items`(`id`, `description`, `category_id`, `price_id`, `stock_id`) VALUES ('34000450','Nokia 3109 classic', '34', '34000450', '34000450');
INSERT INTO `price`(`id`, `price`) VALUES ('34000450','74');
INSERT INTO `stock`(`id`, `quantity`) VALUES ('34000450','97');
INSERT INTO `items`(`id`, `description`, `category_id`, `price_id`, `stock_id`) VALUES ('34000451','Nokia 3120', '34', '34000451', '34000451');
INSERT INTO `price`(`id`, `price`) VALUES ('34000451','60');
INSERT INTO `stock`(`id`, `quantity`) VALUES ('34000451','28');
INSERT INTO `items`(`id`, `description`, `category_id`, `price_id`, `stock_id`) VALUES ('34000452','Nokia 3310 4G', '34', '34000452', '34000452');
INSERT INTO `price`(`id`, `price`) VALUES ('34000452','83');
INSERT INTO `stock`(`id`, `quantity`) VALUES ('34000452','44');
INSERT INTO `items`(`id`, `description`, `category_id`, `price_id`, `stock_id`) VALUES ('34000453','Nokia 3710 fold', '34', '34000453', '34000453');
INSERT INTO `price`(`id`, `price`) VALUES ('34000453','6');
INSERT INTO `stock`(`id`, `quantity`) VALUES ('34000453','28');
INSERT INTO `items`(`id`, `description`, `category_id`, `price_id`, `stock_id`) VALUES ('34000454','Nokia 4.2', '34', '34000454', '34000454');
INSERT INTO `price`(`id`, `price`) VALUES ('34000454','4');
INSERT INTO `stock`(`id`, `quantity`) VALUES ('34000454','15');
INSERT INTO `items`(`id`, `description`, `category_id`, `price_id`, `stock_id`) VALUES ('34000455','Nokia 5250', '34', '34000455', '34000455');
INSERT INTO `price`(`id`, `price`) VALUES ('34000455','55');
INSERT INTO `stock`(`id`, `quantity`) VALUES ('34000455','85');
INSERT INTO `items`(`id`, `description`, `category_id`, `price_id`, `stock_id`) VALUES ('34000456','Nokia 5330 XpressMusic', '34', '34000456', '34000456');
INSERT INTO `price`(`id`, `price`) VALUES ('34000456','7');
INSERT INTO `stock`(`id`, `quantity`) VALUES ('34000456','67');
INSERT INTO `items`(`id`, `description`, `category_id`, `price_id`, `stock_id`) VALUES ('34000457','Nokia 6.2', '34', '34000457', '34000457');
INSERT INTO `price`(`id`, `price`) VALUES ('34000457','14');
INSERT INTO `stock`(`id`, `quantity`) VALUES ('34000457','63');
INSERT INTO `items`(`id`, `description`, `category_id`, `price_id`, `stock_id`) VALUES ('34000458','Nokia 600', '34', '34000458', '34000458');
INSERT INTO `price`(`id`, `price`) VALUES ('34000458','82');
INSERT INTO `stock`(`id`, `quantity`) VALUES ('34000458','86');
INSERT INTO `items`(`id`, `description`, `category_id`, `price_id`, `stock_id`) VALUES ('34000459','Nokia 6260', '34', '34000459', '34000459');
INSERT INTO `price`(`id`, `price`) VALUES ('34000459','34');
INSERT INTO `stock`(`id`, `quantity`) VALUES ('34000459','21');
INSERT INTO `items`(`id`, `description`, `category_id`, `price_id`, `stock_id`) VALUES ('34000460','Nokia 6288', '34', '34000460', '34000460');
INSERT INTO `price`(`id`, `price`) VALUES ('34000460','31');
INSERT INTO `stock`(`id`, `quantity`) VALUES ('34000460','29');
INSERT INTO `items`(`id`, `description`, `category_id`, `price_id`, `stock_id`) VALUES ('34000461','Nokia 6500', '34', '34000461', '34000461');
INSERT INTO `price`(`id`, `price`) VALUES ('34000461','44');
INSERT INTO `stock`(`id`, `quantity`) VALUES ('34000461','39');
INSERT INTO `items`(`id`, `description`, `category_id`, `price_id`, `stock_id`) VALUES ('34000462','Nokia 6500 slide', '34', '34000462', '34000462');
INSERT INTO `price`(`id`, `price`) VALUES ('34000462','30');
INSERT INTO `stock`(`id`, `quantity`) VALUES ('34000462','32');
INSERT INTO `items`(`id`, `description`, `category_id`, `price_id`, `stock_id`) VALUES ('34000463','Nokia 6510', '34', '34000463', '34000463');
INSERT INTO `price`(`id`, `price`) VALUES ('34000463','44');
INSERT INTO `stock`(`id`, `quantity`) VALUES ('34000463','56');
INSERT INTO `items`(`id`, `description`, `category_id`, `price_id`, `stock_id`) VALUES ('34000464','Nokia 6555', '34', '34000464', '34000464');
INSERT INTO `price`(`id`, `price`) VALUES ('34000464','49');
INSERT INTO `stock`(`id`, `quantity`) VALUES ('34000464','6');
INSERT INTO `items`(`id`, `description`, `category_id`, `price_id`, `stock_id`) VALUES ('34000465','Nokia 6790 Surge', '34', '34000465', '34000465');
INSERT INTO `price`(`id`, `price`) VALUES ('34000465','97');
INSERT INTO `stock`(`id`, `quantity`) VALUES ('34000465','75');
INSERT INTO `items`(`id`, `description`, `category_id`, `price_id`, `stock_id`) VALUES ('34000466','Nokia 7.2', '34', '34000466', '34000466');
INSERT INTO `price`(`id`, `price`) VALUES ('34000466','85');
INSERT INTO `stock`(`id`, `quantity`) VALUES ('34000466','79');
INSERT INTO `items`(`id`, `description`, `category_id`, `price_id`, `stock_id`) VALUES ('34000467','Nokia 800c', '34', '34000467', '34000467');
INSERT INTO `price`(`id`, `price`) VALUES ('34000467','74');
INSERT INTO `stock`(`id`, `quantity`) VALUES ('34000467','30');
INSERT INTO `items`(`id`, `description`, `category_id`, `price_id`, `stock_id`) VALUES ('34000468','Nokia 8110 4G', '34', '34000468', '34000468');
INSERT INTO `price`(`id`, `price`) VALUES ('34000468','59');
INSERT INTO `stock`(`id`, `quantity`) VALUES ('34000468','75');
INSERT INTO `items`(`id`, `description`, `category_id`, `price_id`, `stock_id`) VALUES ('34000469','Nokia 8800', '34', '34000469', '34000469');
INSERT INTO `price`(`id`, `price`) VALUES ('34000469','19');
INSERT INTO `stock`(`id`, `quantity`) VALUES ('34000469','20');
INSERT INTO `items`(`id`, `description`, `category_id`, `price_id`, `stock_id`) VALUES ('34000470','Nokia 8800 Carbon Arte', '34', '34000470', '34000470');
INSERT INTO `price`(`id`, `price`) VALUES ('34000470','16');
INSERT INTO `stock`(`id`, `quantity`) VALUES ('34000470','79');
INSERT INTO `items`(`id`, `description`, `category_id`, `price_id`, `stock_id`) VALUES ('34000471','Nokia 9210 Communicator', '34', '34000471', '34000471');
INSERT INTO `price`(`id`, `price`) VALUES ('34000471','56');
INSERT INTO `stock`(`id`, `quantity`) VALUES ('34000471','10');
INSERT INTO `items`(`id`, `description`, `category_id`, `price_id`, `stock_id`) VALUES ('34000472','Nokia Asha 203', '34', '34000472', '34000472');
INSERT INTO `price`(`id`, `price`) VALUES ('34000472','36');
INSERT INTO `stock`(`id`, `quantity`) VALUES ('34000472','40');
INSERT INTO `items`(`id`, `description`, `category_id`, `price_id`, `stock_id`) VALUES ('34000473','Nokia C1-00', '34', '34000473', '34000473');
INSERT INTO `price`(`id`, `price`) VALUES ('34000473','44');
INSERT INTO `stock`(`id`, `quantity`) VALUES ('34000473','61');
INSERT INTO `items`(`id`, `description`, `category_id`, `price_id`, `stock_id`) VALUES ('34000474','Nokia E62', '34', '34000474', '34000474');
INSERT INTO `price`(`id`, `price`) VALUES ('34000474','88');
INSERT INTO `stock`(`id`, `quantity`) VALUES ('34000474','88');
INSERT INTO `items`(`id`, `description`, `category_id`, `price_id`, `stock_id`) VALUES ('34000475','Nokia E63', '34', '34000475', '34000475');
INSERT INTO `price`(`id`, `price`) VALUES ('34000475','76');
INSERT INTO `stock`(`id`, `quantity`) VALUES ('34000475','14');
INSERT INTO `items`(`id`, `description`, `category_id`, `price_id`, `stock_id`) VALUES ('34000476','Nokia Lumia 900 AT&T', '34', '34000476', '34000476');
INSERT INTO `price`(`id`, `price`) VALUES ('34000476','31');
INSERT INTO `stock`(`id`, `quantity`) VALUES ('34000476','70');
INSERT INTO `items`(`id`, `description`, `category_id`, `price_id`, `stock_id`) VALUES ('34000477','Nokia Lumia 928', '34', '34000477', '34000477');
INSERT INTO `price`(`id`, `price`) VALUES ('34000477','88');
INSERT INTO `stock`(`id`, `quantity`) VALUES ('34000477','65');
INSERT INTO `items`(`id`, `description`, `category_id`, `price_id`, `stock_id`) VALUES ('34000478','Nokia N76', '34', '34000478', '34000478');
INSERT INTO `price`(`id`, `price`) VALUES ('34000478','78');
INSERT INTO `stock`(`id`, `quantity`) VALUES ('34000478','24');
INSERT INTO `items`(`id`, `description`, `category_id`, `price_id`, `stock_id`) VALUES ('34000479','Nokia N77', '34', '34000479', '34000479');
INSERT INTO `price`(`id`, `price`) VALUES ('34000479','42');
INSERT INTO `stock`(`id`, `quantity`) VALUES ('34000479','87');
INSERT INTO `items`(`id`, `description`, `category_id`, `price_id`, `stock_id`) VALUES ('34000480','Nokia N79', '34', '34000480', '34000480');
INSERT INTO `price`(`id`, `price`) VALUES ('34000480','25');
INSERT INTO `stock`(`id`, `quantity`) VALUES ('34000480','79');
INSERT INTO `items`(`id`, `description`, `category_id`, `price_id`, `stock_id`) VALUES ('34000481','Nokia Oro', '34', '34000481', '34000481');
INSERT INTO `price`(`id`, `price`) VALUES ('34000481','43');
INSERT INTO `stock`(`id`, `quantity`) VALUES ('34000481','24');
INSERT INTO `items`(`id`, `description`, `category_id`, `price_id`, `stock_id`) VALUES ('34000482','Nokia X', '34', '34000482', '34000482');
INSERT INTO `price`(`id`, `price`) VALUES ('34000482','93');
INSERT INTO `stock`(`id`, `quantity`) VALUES ('34000482','30');
INSERT INTO `items`(`id`, `description`, `category_id`, `price_id`, `stock_id`) VALUES ('34000483','Nokia X2-00', '34', '34000483', '34000483');
INSERT INTO `price`(`id`, `price`) VALUES ('34000483','38');
INSERT INTO `stock`(`id`, `quantity`) VALUES ('34000483','49');
INSERT INTO `items`(`id`, `description`, `category_id`, `price_id`, `stock_id`) VALUES ('34000484','Nokia X2-02', '34', '34000484', '34000484');
INSERT INTO `price`(`id`, `price`) VALUES ('34000484','75');
INSERT INTO `stock`(`id`, `quantity`) VALUES ('34000484','87');
INSERT INTO `items`(`id`, `description`, `category_id`, `price_id`, `stock_id`) VALUES ('34000485','Nokia X5 TD-SCDMA', '34', '34000485', '34000485');
INSERT INTO `price`(`id`, `price`) VALUES ('34000485','26');
INSERT INTO `stock`(`id`, `quantity`) VALUES ('34000485','22');
INSERT INTO `items`(`id`, `description`, `category_id`, `price_id`, `stock_id`) VALUES ('34000486','Nokia X6 8GB (2010)', '34', '34000486', '34000486');
INSERT INTO `price`(`id`, `price`) VALUES ('34000486','59');
INSERT INTO `stock`(`id`, `quantity`) VALUES ('34000486','98');
INSERT INTO `items`(`id`, `description`, `category_id`, `price_id`, `stock_id`) VALUES ('35000487','O2 Cocoon', '35', '35000487', '35000487');
INSERT INTO `price`(`id`, `price`) VALUES ('35000487','62');
INSERT INTO `stock`(`id`, `quantity`) VALUES ('35000487','2');
INSERT INTO `items`(`id`, `description`, `category_id`, `price_id`, `stock_id`) VALUES ('35000488','O2 XDA Atom Exec', '35', '35000488', '35000488');
INSERT INTO `price`(`id`, `price`) VALUES ('35000488','64');
INSERT INTO `stock`(`id`, `quantity`) VALUES ('35000488','40');
INSERT INTO `items`(`id`, `description`, `category_id`, `price_id`, `stock_id`) VALUES ('35000489','O2 Xphone', '35', '35000489', '35000489');
INSERT INTO `price`(`id`, `price`) VALUES ('35000489','67');
INSERT INTO `stock`(`id`, `quantity`) VALUES ('35000489','34');
INSERT INTO `items`(`id`, `description`, `category_id`, `price_id`, `stock_id`) VALUES ('36000490','OnePlus 6T McLaren', '36', '36000490', '36000490');
INSERT INTO `price`(`id`, `price`) VALUES ('36000490','72');
INSERT INTO `stock`(`id`, `quantity`) VALUES ('36000490','61');
INSERT INTO `items`(`id`, `description`, `category_id`, `price_id`, `stock_id`) VALUES ('36000491','OnePlus 8 Pro', '36', '36000491', '36000491');
INSERT INTO `price`(`id`, `price`) VALUES ('36000491','30');
INSERT INTO `stock`(`id`, `quantity`) VALUES ('36000491','65');
INSERT INTO `items`(`id`, `description`, `category_id`, `price_id`, `stock_id`) VALUES ('36000492','OnePlus Nord', '36', '36000492', '36000492');
INSERT INTO `price`(`id`, `price`) VALUES ('36000492','41');
INSERT INTO `stock`(`id`, `quantity`) VALUES ('36000492','83');
INSERT INTO `items`(`id`, `description`, `category_id`, `price_id`, `stock_id`) VALUES ('37000493','Oppo A12', '37', '37000493', '37000493');
INSERT INTO `price`(`id`, `price`) VALUES ('37000493','60');
INSERT INTO `stock`(`id`, `quantity`) VALUES ('37000493','23');
INSERT INTO `items`(`id`, `description`, `category_id`, `price_id`, `stock_id`) VALUES ('37000494','Oppo A33 (2020)', '37', '37000494', '37000494');
INSERT INTO `price`(`id`, `price`) VALUES ('37000494','32');
INSERT INTO `stock`(`id`, `quantity`) VALUES ('37000494','30');
INSERT INTO `items`(`id`, `description`, `category_id`, `price_id`, `stock_id`) VALUES ('37000495','Oppo A52', '37', '37000495', '37000495');
INSERT INTO `price`(`id`, `price`) VALUES ('37000495','74');
INSERT INTO `stock`(`id`, `quantity`) VALUES ('37000495','85');
INSERT INTO `items`(`id`, `description`, `category_id`, `price_id`, `stock_id`) VALUES ('37000496','Oppo A72', '37', '37000496', '37000496');
INSERT INTO `price`(`id`, `price`) VALUES ('37000496','81');
INSERT INTO `stock`(`id`, `quantity`) VALUES ('37000496','12');
INSERT INTO `items`(`id`, `description`, `category_id`, `price_id`, `stock_id`) VALUES ('37000497','Oppo A73', '37', '37000497', '37000497');
INSERT INTO `price`(`id`, `price`) VALUES ('37000497','9');
INSERT INTO `stock`(`id`, `quantity`) VALUES ('37000497','18');
INSERT INTO `items`(`id`, `description`, `category_id`, `price_id`, `stock_id`) VALUES ('37000498','Oppo A9x', '37', '37000498', '37000498');
INSERT INTO `price`(`id`, `price`) VALUES ('37000498','5');
INSERT INTO `stock`(`id`, `quantity`) VALUES ('37000498','40');
INSERT INTO `items`(`id`, `description`, `category_id`, `price_id`, `stock_id`) VALUES ('37000499','Oppo F3 Plus', '37', '37000499', '37000499');
INSERT INTO `price`(`id`, `price`) VALUES ('37000499','99');
INSERT INTO `stock`(`id`, `quantity`) VALUES ('37000499','18');
INSERT INTO `items`(`id`, `description`, `category_id`, `price_id`, `stock_id`) VALUES ('37000500','Oppo F5', '37', '37000500', '37000500');
INSERT INTO `price`(`id`, `price`) VALUES ('37000500','41');
INSERT INTO `stock`(`id`, `quantity`) VALUES ('37000500','43');
INSERT INTO `items`(`id`, `description`, `category_id`, `price_id`, `stock_id`) VALUES ('37000501','Oppo Find 7a', '37', '37000501', '37000501');
INSERT INTO `price`(`id`, `price`) VALUES ('37000501','27');
INSERT INTO `stock`(`id`, `quantity`) VALUES ('37000501','58');
INSERT INTO `items`(`id`, `description`, `category_id`, `price_id`, `stock_id`) VALUES ('37000502','Oppo Joy 3', '37', '37000502', '37000502');
INSERT INTO `price`(`id`, `price`) VALUES ('37000502','82');
INSERT INTO `stock`(`id`, `quantity`) VALUES ('37000502','48');
INSERT INTO `items`(`id`, `description`, `category_id`, `price_id`, `stock_id`) VALUES ('37000503','Oppo Mirror 5', '37', '37000503', '37000503');
INSERT INTO `price`(`id`, `price`) VALUES ('37000503','54');
INSERT INTO `stock`(`id`, `quantity`) VALUES ('37000503','1');
INSERT INTO `items`(`id`, `description`, `category_id`, `price_id`, `stock_id`) VALUES ('37000504','Oppo R1 R829T', '37', '37000504', '37000504');
INSERT INTO `price`(`id`, `price`) VALUES ('37000504','73');
INSERT INTO `stock`(`id`, `quantity`) VALUES ('37000504','86');
INSERT INTO `items`(`id`, `description`, `category_id`, `price_id`, `stock_id`) VALUES ('37000505','Oppo R11 Plus', '37', '37000505', '37000505');
INSERT INTO `price`(`id`, `price`) VALUES ('37000505','86');
INSERT INTO `stock`(`id`, `quantity`) VALUES ('37000505','44');
INSERT INTO `items`(`id`, `description`, `category_id`, `price_id`, `stock_id`) VALUES ('37000506','Oppo R15 Pro', '37', '37000506', '37000506');
INSERT INTO `price`(`id`, `price`) VALUES ('37000506','28');
INSERT INTO `stock`(`id`, `quantity`) VALUES ('37000506','73');
INSERT INTO `items`(`id`, `description`, `category_id`, `price_id`, `stock_id`) VALUES ('37000507','Oppo R15x', '37', '37000507', '37000507');
INSERT INTO `price`(`id`, `price`) VALUES ('37000507','35');
INSERT INTO `stock`(`id`, `quantity`) VALUES ('37000507','54');
INSERT INTO `items`(`id`, `description`, `category_id`, `price_id`, `stock_id`) VALUES ('37000508','Oppo R817 Real', '37', '37000508', '37000508');
INSERT INTO `price`(`id`, `price`) VALUES ('37000508','11');
INSERT INTO `stock`(`id`, `quantity`) VALUES ('37000508','9');
INSERT INTO `items`(`id`, `description`, `category_id`, `price_id`, `stock_id`) VALUES ('37000509','Oppo Reno4 F', '37', '37000509', '37000509');
INSERT INTO `price`(`id`, `price`) VALUES ('37000509','22');
INSERT INTO `stock`(`id`, `quantity`) VALUES ('37000509','58');
INSERT INTO `items`(`id`, `description`, `category_id`, `price_id`, `stock_id`) VALUES ('37000510','Oppo Reno4 Pro 5G', '37', '37000510', '37000510');
INSERT INTO `price`(`id`, `price`) VALUES ('37000510','39');
INSERT INTO `stock`(`id`, `quantity`) VALUES ('37000510','86');
INSERT INTO `items`(`id`, `description`, `category_id`, `price_id`, `stock_id`) VALUES ('37000511','Oppo T29', '37', '37000511', '37000511');
INSERT INTO `price`(`id`, `price`) VALUES ('37000511','29');
INSERT INTO `stock`(`id`, `quantity`) VALUES ('37000511','72');
INSERT INTO `items`(`id`, `description`, `category_id`, `price_id`, `stock_id`) VALUES ('37000512','Oppo U701 Ulike', '37', '37000512', '37000512');
INSERT INTO `price`(`id`, `price`) VALUES ('37000512','61');
INSERT INTO `stock`(`id`, `quantity`) VALUES ('37000512','11');
INSERT INTO `items`(`id`, `description`, `category_id`, `price_id`, `stock_id`) VALUES ('38000513','Orange Monte Carlo', '38', '38000513', '38000513');
INSERT INTO `price`(`id`, `price`) VALUES ('38000513','41');
INSERT INTO `stock`(`id`, `quantity`) VALUES ('38000513','9');
INSERT INTO `items`(`id`, `description`, `category_id`, `price_id`, `stock_id`) VALUES ('38000514','Orange Neva jet 5G', '38', '38000514', '38000514');
INSERT INTO `price`(`id`, `price`) VALUES ('38000514','57');
INSERT INTO `stock`(`id`, `quantity`) VALUES ('38000514','90');
INSERT INTO `items`(`id`, `description`, `category_id`, `price_id`, `stock_id`) VALUES ('38000515','Orange Rono', '38', '38000515', '38000515');
INSERT INTO `price`(`id`, `price`) VALUES ('38000515','67');
INSERT INTO `stock`(`id`, `quantity`) VALUES ('38000515','9');
INSERT INTO `items`(`id`, `description`, `category_id`, `price_id`, `stock_id`) VALUES ('38000516','Orange Sydney', '38', '38000516', '38000516');
INSERT INTO `price`(`id`, `price`) VALUES ('38000516','53');
INSERT INTO `stock`(`id`, `quantity`) VALUES ('38000516','69');
INSERT INTO `items`(`id`, `description`, `category_id`, `price_id`, `stock_id`) VALUES ('39000517','Palm Pixi', '39', '39000517', '39000517');
INSERT INTO `price`(`id`, `price`) VALUES ('39000517','78');
INSERT INTO `stock`(`id`, `quantity`) VALUES ('39000517','26');
INSERT INTO `items`(`id`, `description`, `category_id`, `price_id`, `stock_id`) VALUES ('39000518','Palm Pre', '39', '39000518', '39000518');
INSERT INTO `price`(`id`, `price`) VALUES ('39000518','100');
INSERT INTO `stock`(`id`, `quantity`) VALUES ('39000518','41');
INSERT INTO `items`(`id`, `description`, `category_id`, `price_id`, `stock_id`) VALUES ('40000519','Panasonic Eluga I2 (2016)', '40', '40000519', '40000519');
INSERT INTO `price`(`id`, `price`) VALUES ('40000519','45');
INSERT INTO `stock`(`id`, `quantity`) VALUES ('40000519','62');
INSERT INTO `items`(`id`, `description`, `category_id`, `price_id`, `stock_id`) VALUES ('40000520','Panasonic Eluga I2 Activ', '40', '40000520', '40000520');
INSERT INTO `price`(`id`, `price`) VALUES ('40000520','35');
INSERT INTO `stock`(`id`, `quantity`) VALUES ('40000520','11');
INSERT INTO `items`(`id`, `description`, `category_id`, `price_id`, `stock_id`) VALUES ('40000521','Panasonic Eluga Icon', '40', '40000521', '40000521');
INSERT INTO `price`(`id`, `price`) VALUES ('40000521','13');
INSERT INTO `stock`(`id`, `quantity`) VALUES ('40000521','19');
INSERT INTO `items`(`id`, `description`, `category_id`, `price_id`, `stock_id`) VALUES ('40000522','Panasonic Eluga S', '40', '40000522', '40000522');
INSERT INTO `price`(`id`, `price`) VALUES ('40000522','20');
INSERT INTO `stock`(`id`, `quantity`) VALUES ('40000522','3');
INSERT INTO `items`(`id`, `description`, `category_id`, `price_id`, `stock_id`) VALUES ('40000523','Panasonic Eluga S mini', '40', '40000523', '40000523');
INSERT INTO `price`(`id`, `price`) VALUES ('40000523','26');
INSERT INTO `stock`(`id`, `quantity`) VALUES ('40000523','97');
INSERT INTO `items`(`id`, `description`, `category_id`, `price_id`, `stock_id`) VALUES ('40000524','Panasonic Eluga U', '40', '40000524', '40000524');
INSERT INTO `price`(`id`, `price`) VALUES ('40000524','10');
INSERT INTO `stock`(`id`, `quantity`) VALUES ('40000524','26');
INSERT INTO `items`(`id`, `description`, `category_id`, `price_id`, `stock_id`) VALUES ('40000525','Panasonic P11', '40', '40000525', '40000525');
INSERT INTO `price`(`id`, `price`) VALUES ('40000525','35');
INSERT INTO `stock`(`id`, `quantity`) VALUES ('40000525','63');
INSERT INTO `items`(`id`, `description`, `category_id`, `price_id`, `stock_id`) VALUES ('40000526','Panasonic P90', '40', '40000526', '40000526');
INSERT INTO `price`(`id`, `price`) VALUES ('40000526','86');
INSERT INTO `stock`(`id`, `quantity`) VALUES ('40000526','43');
INSERT INTO `items`(`id`, `description`, `category_id`, `price_id`, `stock_id`) VALUES ('40000527','Panasonic SC3', '40', '40000527', '40000527');
INSERT INTO `price`(`id`, `price`) VALUES ('40000527','39');
INSERT INTO `stock`(`id`, `quantity`) VALUES ('40000527','83');
INSERT INTO `items`(`id`, `description`, `category_id`, `price_id`, `stock_id`) VALUES ('40000528','Panasonic T11', '40', '40000528', '40000528');
INSERT INTO `price`(`id`, `price`) VALUES ('40000528','62');
INSERT INTO `stock`(`id`, `quantity`) VALUES ('40000528','26');
INSERT INTO `items`(`id`, `description`, `category_id`, `price_id`, `stock_id`) VALUES ('40000529','Panasonic X11', '40', '40000529', '40000529');
INSERT INTO `price`(`id`, `price`) VALUES ('40000529','16');
INSERT INTO `stock`(`id`, `quantity`) VALUES ('40000529','84');
INSERT INTO `items`(`id`, `description`, `category_id`, `price_id`, `stock_id`) VALUES ('40000530','Panasonic X700', '40', '40000530', '40000530');
INSERT INTO `price`(`id`, `price`) VALUES ('40000530','57');
INSERT INTO `stock`(`id`, `quantity`) VALUES ('40000530','99');
INSERT INTO `items`(`id`, `description`, `category_id`, `price_id`, `stock_id`) VALUES ('41000531','Pantech Crux', '41', '41000531', '41000531');
INSERT INTO `price`(`id`, `price`) VALUES ('41000531','33');
INSERT INTO `stock`(`id`, `quantity`) VALUES ('41000531','33');
INSERT INTO `items`(`id`, `description`, `category_id`, `price_id`, `stock_id`) VALUES ('41000532','Pantech Discover', '41', '41000532', '41000532');
INSERT INTO `price`(`id`, `price`) VALUES ('41000532','11');
INSERT INTO `stock`(`id`, `quantity`) VALUES ('41000532','15');
INSERT INTO `items`(`id`, `description`, `category_id`, `price_id`, `stock_id`) VALUES ('41000533','Pantech Duo', '41', '41000533', '41000533');
INSERT INTO `price`(`id`, `price`) VALUES ('41000533','38');
INSERT INTO `stock`(`id`, `quantity`) VALUES ('41000533','51');
INSERT INTO `items`(`id`, `description`, `category_id`, `price_id`, `stock_id`) VALUES ('41000534','Pantech GB100', '41', '41000534', '41000534');
INSERT INTO `price`(`id`, `price`) VALUES ('41000534','98');
INSERT INTO `stock`(`id`, `quantity`) VALUES ('41000534','83');
INSERT INTO `items`(`id`, `description`, `category_id`, `price_id`, `stock_id`) VALUES ('41000535','Pantech Link II', '41', '41000535', '41000535');
INSERT INTO `price`(`id`, `price`) VALUES ('41000535','57');
INSERT INTO `stock`(`id`, `quantity`) VALUES ('41000535','53');
INSERT INTO `items`(`id`, `description`, `category_id`, `price_id`, `stock_id`) VALUES ('41000536','Pantech PG-1600', '41', '41000536', '41000536');
INSERT INTO `price`(`id`, `price`) VALUES ('41000536','93');
INSERT INTO `stock`(`id`, `quantity`) VALUES ('41000536','24');
INSERT INTO `items`(`id`, `description`, `category_id`, `price_id`, `stock_id`) VALUES ('41000537','Pantech PG-3200', '41', '41000537', '41000537');
INSERT INTO `price`(`id`, `price`) VALUES ('41000537','73');
INSERT INTO `stock`(`id`, `quantity`) VALUES ('41000537','97');
INSERT INTO `items`(`id`, `description`, `category_id`, `price_id`, `stock_id`) VALUES ('42000538','Parla Minu P123', '42', '42000538', '42000538');
INSERT INTO `price`(`id`, `price`) VALUES ('42000538','40');
INSERT INTO `stock`(`id`, `quantity`) VALUES ('42000538','8');
INSERT INTO `items`(`id`, `description`, `category_id`, `price_id`, `stock_id`) VALUES ('42000539','Parla Sonic 3.5', '42', '42000539', '42000539');
INSERT INTO `price`(`id`, `price`) VALUES ('42000539','62');
INSERT INTO `stock`(`id`, `quantity`) VALUES ('42000539','52');
INSERT INTO `items`(`id`, `description`, `category_id`, `price_id`, `stock_id`) VALUES ('43000540','Philips 191', '43', '43000540', '43000540');
INSERT INTO `price`(`id`, `price`) VALUES ('43000540','56');
INSERT INTO `stock`(`id`, `quantity`) VALUES ('43000540','22');
INSERT INTO `items`(`id`, `description`, `category_id`, `price_id`, `stock_id`) VALUES ('43000541','Philips 390', '43', '43000541', '43000541');
INSERT INTO `price`(`id`, `price`) VALUES ('43000541','25');
INSERT INTO `stock`(`id`, `quantity`) VALUES ('43000541','35');
INSERT INTO `items`(`id`, `description`, `category_id`, `price_id`, `stock_id`) VALUES ('43000542','Philips 580', '43', '43000542', '43000542');
INSERT INTO `price`(`id`, `price`) VALUES ('43000542','9');
INSERT INTO `stock`(`id`, `quantity`) VALUES ('43000542','38');
INSERT INTO `items`(`id`, `description`, `category_id`, `price_id`, `stock_id`) VALUES ('43000543','Philips C600', '43', '43000543', '43000543');
INSERT INTO `price`(`id`, `price`) VALUES ('43000543','68');
INSERT INTO `stock`(`id`, `quantity`) VALUES ('43000543','75');
INSERT INTO `items`(`id`, `description`, `category_id`, `price_id`, `stock_id`) VALUES ('43000544','Philips D812', '43', '43000544', '43000544');
INSERT INTO `price`(`id`, `price`) VALUES ('43000544','24');
INSERT INTO `stock`(`id`, `quantity`) VALUES ('43000544','24');
INSERT INTO `items`(`id`, `description`, `category_id`, `price_id`, `stock_id`) VALUES ('43000545','Philips Fisio 610', '43', '43000545', '43000545');
INSERT INTO `price`(`id`, `price`) VALUES ('43000545','65');
INSERT INTO `stock`(`id`, `quantity`) VALUES ('43000545','30');
INSERT INTO `items`(`id`, `description`, `category_id`, `price_id`, `stock_id`) VALUES ('43000546','Philips Fisio 620', '43', '43000546', '43000546');
INSERT INTO `price`(`id`, `price`) VALUES ('43000546','53');
INSERT INTO `stock`(`id`, `quantity`) VALUES ('43000546','8');
INSERT INTO `items`(`id`, `description`, `category_id`, `price_id`, `stock_id`) VALUES ('43000547','Philips I928', '43', '43000547', '43000547');
INSERT INTO `price`(`id`, `price`) VALUES ('43000547','18');
INSERT INTO `stock`(`id`, `quantity`) VALUES ('43000547','54');
INSERT INTO `items`(`id`, `description`, `category_id`, `price_id`, `stock_id`) VALUES ('43000548','Philips S308', '43', '43000548', '43000548');
INSERT INTO `price`(`id`, `price`) VALUES ('43000548','67');
INSERT INTO `stock`(`id`, `quantity`) VALUES ('43000548','33');
INSERT INTO `items`(`id`, `description`, `category_id`, `price_id`, `stock_id`) VALUES ('43000549','Philips S337', '43', '43000549', '43000549');
INSERT INTO `price`(`id`, `price`) VALUES ('43000549','44');
INSERT INTO `stock`(`id`, `quantity`) VALUES ('43000549','51');
INSERT INTO `items`(`id`, `description`, `category_id`, `price_id`, `stock_id`) VALUES ('43000550','Philips V787', '43', '43000550', '43000550');
INSERT INTO `price`(`id`, `price`) VALUES ('43000550','51');
INSERT INTO `stock`(`id`, `quantity`) VALUES ('43000550','63');
INSERT INTO `items`(`id`, `description`, `category_id`, `price_id`, `stock_id`) VALUES ('43000551','Philips V900', '43', '43000551', '43000551');
INSERT INTO `price`(`id`, `price`) VALUES ('43000551','25');
INSERT INTO `stock`(`id`, `quantity`) VALUES ('43000551','77');
INSERT INTO `items`(`id`, `description`, `category_id`, `price_id`, `stock_id`) VALUES ('43000552','Philips W635', '43', '43000552', '43000552');
INSERT INTO `price`(`id`, `price`) VALUES ('43000552','64');
INSERT INTO `stock`(`id`, `quantity`) VALUES ('43000552','99');
INSERT INTO `items`(`id`, `description`, `category_id`, `price_id`, `stock_id`) VALUES ('43000553','Philips W8555', '43', '43000553', '43000553');
INSERT INTO `price`(`id`, `price`) VALUES ('43000553','36');
INSERT INTO `stock`(`id`, `quantity`) VALUES ('43000553','11');
INSERT INTO `items`(`id`, `description`, `category_id`, `price_id`, `stock_id`) VALUES ('43000554','Philips X223', '43', '43000554', '43000554');
INSERT INTO `price`(`id`, `price`) VALUES ('43000554','91');
INSERT INTO `stock`(`id`, `quantity`) VALUES ('43000554','11');
INSERT INTO `items`(`id`, `description`, `category_id`, `price_id`, `stock_id`) VALUES ('43000555','Philips X331', '43', '43000555', '43000555');
INSERT INTO `price`(`id`, `price`) VALUES ('43000555','91');
INSERT INTO `stock`(`id`, `quantity`) VALUES ('43000555','48');
INSERT INTO `items`(`id`, `description`, `category_id`, `price_id`, `stock_id`) VALUES ('43000556','Philips X332', '43', '43000556', '43000556');
INSERT INTO `price`(`id`, `price`) VALUES ('43000556','78');
INSERT INTO `stock`(`id`, `quantity`) VALUES ('43000556','90');
INSERT INTO `items`(`id`, `description`, `category_id`, `price_id`, `stock_id`) VALUES ('43000557','Philips X500', '43', '43000557', '43000557');
INSERT INTO `price`(`id`, `price`) VALUES ('43000557','63');
INSERT INTO `stock`(`id`, `quantity`) VALUES ('43000557','63');
INSERT INTO `items`(`id`, `description`, `category_id`, `price_id`, `stock_id`) VALUES ('43000558','Philips Xenium X523', '43', '43000558', '43000558');
INSERT INTO `price`(`id`, `price`) VALUES ('43000558','36');
INSERT INTO `stock`(`id`, `quantity`) VALUES ('43000558','88');
INSERT INTO `items`(`id`, `description`, `category_id`, `price_id`, `stock_id`) VALUES ('43000559','Philips Xenium X713', '43', '43000559', '43000559');
INSERT INTO `price`(`id`, `price`) VALUES ('43000559','28');
INSERT INTO `stock`(`id`, `quantity`) VALUES ('43000559','63');
INSERT INTO `items`(`id`, `description`, `category_id`, `price_id`, `stock_id`) VALUES ('44000560','Plum Coach Plus II', '44', '44000560', '44000560');
INSERT INTO `price`(`id`, `price`) VALUES ('44000560','50');
INSERT INTO `stock`(`id`, `quantity`) VALUES ('44000560','89');
INSERT INTO `items`(`id`, `description`, `category_id`, `price_id`, `stock_id`) VALUES ('44000561','Plum Galactic', '44', '44000561', '44000561');
INSERT INTO `price`(`id`, `price`) VALUES ('44000561','10');
INSERT INTO `stock`(`id`, `quantity`) VALUES ('44000561','25');
INSERT INTO `items`(`id`, `description`, `category_id`, `price_id`, `stock_id`) VALUES ('44000562','Plum Optimax 10', '44', '44000562', '44000562');
INSERT INTO `price`(`id`, `price`) VALUES ('44000562','26');
INSERT INTO `stock`(`id`, `quantity`) VALUES ('44000562','80');
INSERT INTO `items`(`id`, `description`, `category_id`, `price_id`, `stock_id`) VALUES ('44000563','Plum Optimax 13', '44', '44000563', '44000563');
INSERT INTO `price`(`id`, `price`) VALUES ('44000563','38');
INSERT INTO `stock`(`id`, `quantity`) VALUES ('44000563','30');
INSERT INTO `items`(`id`, `description`, `category_id`, `price_id`, `stock_id`) VALUES ('44000564','Plum Play', '44', '44000564', '44000564');
INSERT INTO `price`(`id`, `price`) VALUES ('44000564','97');
INSERT INTO `stock`(`id`, `quantity`) VALUES ('44000564','83');
INSERT INTO `items`(`id`, `description`, `category_id`, `price_id`, `stock_id`) VALUES ('44000565','Plum Trigger', '44', '44000565', '44000565');
INSERT INTO `price`(`id`, `price`) VALUES ('44000565','8');
INSERT INTO `stock`(`id`, `quantity`) VALUES ('44000565','38');
INSERT INTO `items`(`id`, `description`, `category_id`, `price_id`, `stock_id`) VALUES ('44000566','Plum Trigger Plus', '44', '44000566', '44000566');
INSERT INTO `price`(`id`, `price`) VALUES ('44000566','78');
INSERT INTO `stock`(`id`, `quantity`) VALUES ('44000566','62');
INSERT INTO `items`(`id`, `description`, `category_id`, `price_id`, `stock_id`) VALUES ('44000567','Plum Velocity II', '44', '44000567', '44000567');
INSERT INTO `price`(`id`, `price`) VALUES ('44000567','24');
INSERT INTO `stock`(`id`, `quantity`) VALUES ('44000567','26');
INSERT INTO `items`(`id`, `description`, `category_id`, `price_id`, `stock_id`) VALUES ('44000568','Plum Volt 3G', '44', '44000568', '44000568');
INSERT INTO `price`(`id`, `price`) VALUES ('44000568','70');
INSERT INTO `stock`(`id`, `quantity`) VALUES ('44000568','90');
INSERT INTO `items`(`id`, `description`, `category_id`, `price_id`, `stock_id`) VALUES ('44000569','Plum Z710', '44', '44000569', '44000569');
INSERT INTO `price`(`id`, `price`) VALUES ('44000569','69');
INSERT INTO `stock`(`id`, `quantity`) VALUES ('44000569','88');
INSERT INTO `items`(`id`, `description`, `category_id`, `price_id`, `stock_id`) VALUES ('45000570','Posh Equal Lite W700', '45', '45000570', '45000570');
INSERT INTO `price`(`id`, `price`) VALUES ('45000570','88');
INSERT INTO `stock`(`id`, `quantity`) VALUES ('45000570','24');
INSERT INTO `items`(`id`, `description`, `category_id`, `price_id`, `stock_id`) VALUES ('45000571','Posh Kick Lite S410', '45', '45000571', '45000571');
INSERT INTO `price`(`id`, `price`) VALUES ('45000571','26');
INSERT INTO `stock`(`id`, `quantity`) VALUES ('45000571','44');
INSERT INTO `items`(`id`, `description`, `category_id`, `price_id`, `stock_id`) VALUES ('45000572','Posh Orion Pro X500', '45', '45000572', '45000572');
INSERT INTO `price`(`id`, `price`) VALUES ('45000572','99');
INSERT INTO `stock`(`id`, `quantity`) VALUES ('45000572','44');
INSERT INTO `items`(`id`, `description`, `category_id`, `price_id`, `stock_id`) VALUES ('45000573','Posh Ultra 5.0 LTE L500', '45', '45000573', '45000573');
INSERT INTO `price`(`id`, `price`) VALUES ('45000573','85');
INSERT INTO `stock`(`id`, `quantity`) VALUES ('45000573','36');
INSERT INTO `items`(`id`, `description`, `category_id`, `price_id`, `stock_id`) VALUES ('46000574','Prestigio MultiPad 10.1 Ultimate', '46', '46000574', '46000574');
INSERT INTO `price`(`id`, `price`) VALUES ('46000574','45');
INSERT INTO `stock`(`id`, `quantity`) VALUES ('46000574','18');
INSERT INTO `items`(`id`, `description`, `category_id`, `price_id`, `stock_id`) VALUES ('46000575','Prestigio MultiPhone 3400 Duo', '46', '46000575', '46000575');
INSERT INTO `price`(`id`, `price`) VALUES ('46000575','17');
INSERT INTO `stock`(`id`, `quantity`) VALUES ('46000575','81');
INSERT INTO `items`(`id`, `description`, `category_id`, `price_id`, `stock_id`) VALUES ('46000576','Prestigio MultiPhone 5044 Duo', '46', '46000576', '46000576');
INSERT INTO `price`(`id`, `price`) VALUES ('46000576','40');
INSERT INTO `stock`(`id`, `quantity`) VALUES ('46000576','54');
INSERT INTO `items`(`id`, `description`, `category_id`, `price_id`, `stock_id`) VALUES ('46000577','Prestigio MultiPhone 5508 Duo', '46', '46000577', '46000577');
INSERT INTO `price`(`id`, `price`) VALUES ('46000577','34');
INSERT INTO `stock`(`id`, `quantity`) VALUES ('46000577','51');
INSERT INTO `items`(`id`, `description`, `category_id`, `price_id`, `stock_id`) VALUES ('47000578','QMobile Linq L15', '47', '47000578', '47000578');
INSERT INTO `price`(`id`, `price`) VALUES ('47000578','10');
INSERT INTO `stock`(`id`, `quantity`) VALUES ('47000578','32');
INSERT INTO `items`(`id`, `description`, `category_id`, `price_id`, `stock_id`) VALUES ('47000579','QMobile M800', '47', '47000579', '47000579');
INSERT INTO `price`(`id`, `price`) VALUES ('47000579','5');
INSERT INTO `stock`(`id`, `quantity`) VALUES ('47000579','87');
INSERT INTO `items`(`id`, `description`, `category_id`, `price_id`, `stock_id`) VALUES ('47000580','QMobile Noir A550', '47', '47000580', '47000580');
INSERT INTO `price`(`id`, `price`) VALUES ('47000580','98');
INSERT INTO `stock`(`id`, `quantity`) VALUES ('47000580','73');
INSERT INTO `items`(`id`, `description`, `category_id`, `price_id`, `stock_id`) VALUES ('47000581','QMobile Noir S1', '47', '47000581', '47000581');
INSERT INTO `price`(`id`, `price`) VALUES ('47000581','43');
INSERT INTO `stock`(`id`, `quantity`) VALUES ('47000581','35');
INSERT INTO `items`(`id`, `description`, `category_id`, `price_id`, `stock_id`) VALUES ('47000582','QMobile Noir V4', '47', '47000582', '47000582');
INSERT INTO `price`(`id`, `price`) VALUES ('47000582','15');
INSERT INTO `stock`(`id`, `quantity`) VALUES ('47000582','84');
INSERT INTO `items`(`id`, `description`, `category_id`, `price_id`, `stock_id`) VALUES ('47000583','QMobile Noir X80', '47', '47000583', '47000583');
INSERT INTO `price`(`id`, `price`) VALUES ('47000583','16');
INSERT INTO `stock`(`id`, `quantity`) VALUES ('47000583','52');
INSERT INTO `items`(`id`, `description`, `category_id`, `price_id`, `stock_id`) VALUES ('47000584','QMobile Noir X800', '47', '47000584', '47000584');
INSERT INTO `price`(`id`, `price`) VALUES ('47000584','84');
INSERT INTO `stock`(`id`, `quantity`) VALUES ('47000584','67');
INSERT INTO `items`(`id`, `description`, `category_id`, `price_id`, `stock_id`) VALUES ('47000585','QMobile Noir Z4', '47', '47000585', '47000585');
INSERT INTO `price`(`id`, `price`) VALUES ('47000585','16');
INSERT INTO `stock`(`id`, `quantity`) VALUES ('47000585','76');
INSERT INTO `items`(`id`, `description`, `category_id`, `price_id`, `stock_id`) VALUES ('47000586','QMobile Noir Z5', '47', '47000586', '47000586');
INSERT INTO `price`(`id`, `price`) VALUES ('47000586','94');
INSERT INTO `stock`(`id`, `quantity`) VALUES ('47000586','83');
INSERT INTO `items`(`id`, `description`, `category_id`, `price_id`, `stock_id`) VALUES ('47000587','QMobile Noir Z6', '47', '47000587', '47000587');
INSERT INTO `price`(`id`, `price`) VALUES ('47000587','55');
INSERT INTO `stock`(`id`, `quantity`) VALUES ('47000587','4');
INSERT INTO `items`(`id`, `description`, `category_id`, `price_id`, `stock_id`) VALUES ('47000588','QMobile Noir Z8', '47', '47000588', '47000588');
INSERT INTO `price`(`id`, `price`) VALUES ('47000588','45');
INSERT INTO `stock`(`id`, `quantity`) VALUES ('47000588','70');
INSERT INTO `items`(`id`, `description`, `category_id`, `price_id`, `stock_id`) VALUES ('47000589','QMobile Noir Z8 Plus', '47', '47000589', '47000589');
INSERT INTO `price`(`id`, `price`) VALUES ('47000589','17');
INSERT INTO `stock`(`id`, `quantity`) VALUES ('47000589','73');
INSERT INTO `items`(`id`, `description`, `category_id`, `price_id`, `stock_id`) VALUES ('48000590','Qtek 7070', '48', '48000590', '48000590');
INSERT INTO `price`(`id`, `price`) VALUES ('48000590','56');
INSERT INTO `stock`(`id`, `quantity`) VALUES ('48000590','5');
INSERT INTO `items`(`id`, `description`, `category_id`, `price_id`, `stock_id`) VALUES ('48000591','Qtek 8010', '48', '48000591', '48000591');
INSERT INTO `price`(`id`, `price`) VALUES ('48000591','83');
INSERT INTO `stock`(`id`, `quantity`) VALUES ('48000591','74');
INSERT INTO `items`(`id`, `description`, `category_id`, `price_id`, `stock_id`) VALUES ('48000592','Qtek S200', '48', '48000592', '48000592');
INSERT INTO `price`(`id`, `price`) VALUES ('48000592','64');
INSERT INTO `stock`(`id`, `quantity`) VALUES ('48000592','43');
INSERT INTO `items`(`id`, `description`, `category_id`, `price_id`, `stock_id`) VALUES ('49000593','Realme C2', '49', '49000593', '49000593');
INSERT INTO `price`(`id`, `price`) VALUES ('49000593','69');
INSERT INTO `stock`(`id`, `quantity`) VALUES ('49000593','36');
INSERT INTO `items`(`id`, `description`, `category_id`, `price_id`, `stock_id`) VALUES ('49000594','Realme Narzo 20', '49', '49000594', '49000594');
INSERT INTO `price`(`id`, `price`) VALUES ('49000594','38');
INSERT INTO `stock`(`id`, `quantity`) VALUES ('49000594','88');
INSERT INTO `items`(`id`, `description`, `category_id`, `price_id`, `stock_id`) VALUES ('49000595','Realme Watch', '49', '49000595', '49000595');
INSERT INTO `price`(`id`, `price`) VALUES ('49000595','45');
INSERT INTO `stock`(`id`, `quantity`) VALUES ('49000595','9');
INSERT INTO `items`(`id`, `description`, `category_id`, `price_id`, `stock_id`) VALUES ('49000596','Realme X50 5G (China)', '49', '49000596', '49000596');
INSERT INTO `price`(`id`, `price`) VALUES ('49000596','10');
INSERT INTO `stock`(`id`, `quantity`) VALUES ('49000596','5');
INSERT INTO `items`(`id`, `description`, `category_id`, `price_id`, `stock_id`) VALUES ('50000597','Sagem MC 932', '50', '50000597', '50000597');
INSERT INTO `price`(`id`, `price`) VALUES ('50000597','9');
INSERT INTO `stock`(`id`, `quantity`) VALUES ('50000597','25');
INSERT INTO `items`(`id`, `description`, `category_id`, `price_id`, `stock_id`) VALUES ('50000598','Sagem MC 959', '50', '50000598', '50000598');
INSERT INTO `price`(`id`, `price`) VALUES ('50000598','17');
INSERT INTO `stock`(`id`, `quantity`) VALUES ('50000598','23');
INSERT INTO `items`(`id`, `description`, `category_id`, `price_id`, `stock_id`) VALUES ('50000599','Sagem MY 3078', '50', '50000599', '50000599');
INSERT INTO `price`(`id`, `price`) VALUES ('50000599','31');
INSERT INTO `stock`(`id`, `quantity`) VALUES ('50000599','65');
INSERT INTO `items`(`id`, `description`, `category_id`, `price_id`, `stock_id`) VALUES ('50000600','Sagem MY C-5w', '50', '50000600', '50000600');
INSERT INTO `price`(`id`, `price`) VALUES ('50000600','17');
INSERT INTO `stock`(`id`, `quantity`) VALUES ('50000600','82');
INSERT INTO `items`(`id`, `description`, `category_id`, `price_id`, `stock_id`) VALUES ('50000601','Sagem MY Z-3', '50', '50000601', '50000601');
INSERT INTO `price`(`id`, `price`) VALUES ('50000601','6');
INSERT INTO `stock`(`id`, `quantity`) VALUES ('50000601','97');
INSERT INTO `items`(`id`, `description`, `category_id`, `price_id`, `stock_id`) VALUES ('50000602','Sagem RC 750', '50', '50000602', '50000602');
INSERT INTO `price`(`id`, `price`) VALUES ('50000602','78');
INSERT INTO `stock`(`id`, `quantity`) VALUES ('50000602','18');
INSERT INTO `items`(`id`, `description`, `category_id`, `price_id`, `stock_id`) VALUES ('50000603','Sagem VS3', '50', '50000603', '50000603');
INSERT INTO `price`(`id`, `price`) VALUES ('50000603','76');
INSERT INTO `stock`(`id`, `quantity`) VALUES ('50000603','9');
INSERT INTO `items`(`id`, `description`, `category_id`, `price_id`, `stock_id`) VALUES ('50000604','Sagem my101X', '50', '50000604', '50000604');
INSERT INTO `price`(`id`, `price`) VALUES ('50000604','83');
INSERT INTO `stock`(`id`, `quantity`) VALUES ('50000604','87');
INSERT INTO `items`(`id`, `description`, `category_id`, `price_id`, `stock_id`) VALUES ('50000605','Sagem my210x', '50', '50000605', '50000605');
INSERT INTO `price`(`id`, `price`) VALUES ('50000605','46');
INSERT INTO `stock`(`id`, `quantity`) VALUES ('50000605','88');
INSERT INTO `items`(`id`, `description`, `category_id`, `price_id`, `stock_id`) VALUES ('50000606','Sagem my226x', '50', '50000606', '50000606');
INSERT INTO `price`(`id`, `price`) VALUES ('50000606','40');
INSERT INTO `stock`(`id`, `quantity`) VALUES ('50000606','55');
INSERT INTO `items`(`id`, `description`, `category_id`, `price_id`, `stock_id`) VALUES ('50000607','Sagem my230x', '50', '50000607', '50000607');
INSERT INTO `price`(`id`, `price`) VALUES ('50000607','13');
INSERT INTO `stock`(`id`, `quantity`) VALUES ('50000607','2');
INSERT INTO `items`(`id`, `description`, `category_id`, `price_id`, `stock_id`) VALUES ('50000608','Sagem my302X', '50', '50000608', '50000608');
INSERT INTO `price`(`id`, `price`) VALUES ('50000608','46');
INSERT INTO `stock`(`id`, `quantity`) VALUES ('50000608','55');
INSERT INTO `items`(`id`, `description`, `category_id`, `price_id`, `stock_id`) VALUES ('50000609','Sagem my501C', '50', '50000609', '50000609');
INSERT INTO `price`(`id`, `price`) VALUES ('50000609','21');
INSERT INTO `stock`(`id`, `quantity`) VALUES ('50000609','17');
INSERT INTO `items`(`id`, `description`, `category_id`, `price_id`, `stock_id`) VALUES ('50000610','Sagem my855c', '50', '50000610', '50000610');
INSERT INTO `price`(`id`, `price`) VALUES ('50000610','5');
INSERT INTO `stock`(`id`, `quantity`) VALUES ('50000610','58');
INSERT INTO `items`(`id`, `description`, `category_id`, `price_id`, `stock_id`) VALUES ('51000611','Samsung A200K Nori F', '51', '51000611', '51000611');
INSERT INTO `price`(`id`, `price`) VALUES ('51000611','41');
INSERT INTO `stock`(`id`, `quantity`) VALUES ('51000611','54');
INSERT INTO `items`(`id`, `description`, `category_id`, `price_id`, `stock_id`) VALUES ('51000612','Samsung A717', '51', '51000612', '51000612');
INSERT INTO `price`(`id`, `price`) VALUES ('51000612','65');
INSERT INTO `stock`(`id`, `quantity`) VALUES ('51000612','68');
INSERT INTO `items`(`id`, `description`, `category_id`, `price_id`, `stock_id`) VALUES ('51000613','Samsung A837 Rugby', '51', '51000613', '51000613');
INSERT INTO `price`(`id`, `price`) VALUES ('51000613','87');
INSERT INTO `stock`(`id`, `quantity`) VALUES ('51000613','19');
INSERT INTO `items`(`id`, `description`, `category_id`, `price_id`, `stock_id`) VALUES ('51000614','Samsung B3310', '51', '51000614', '51000614');
INSERT INTO `price`(`id`, `price`) VALUES ('51000614','81');
INSERT INTO `stock`(`id`, `quantity`) VALUES ('51000614','44');
INSERT INTO `items`(`id`, `description`, `category_id`, `price_id`, `stock_id`) VALUES ('51000615','Samsung B7722', '51', '51000615', '51000615');
INSERT INTO `price`(`id`, `price`) VALUES ('51000615','68');
INSERT INTO `stock`(`id`, `quantity`) VALUES ('51000615','63');
INSERT INTO `items`(`id`, `description`, `category_id`, `price_id`, `stock_id`) VALUES ('51000616','Samsung C170', '51', '51000616', '51000616');
INSERT INTO `price`(`id`, `price`) VALUES ('51000616','13');
INSERT INTO `stock`(`id`, `quantity`) VALUES ('51000616','54');
INSERT INTO `items`(`id`, `description`, `category_id`, `price_id`, `stock_id`) VALUES ('51000617','Samsung C200', '51', '51000617', '51000617');
INSERT INTO `price`(`id`, `price`) VALUES ('51000617','79');
INSERT INTO `stock`(`id`, `quantity`) VALUES ('51000617','27');
INSERT INTO `items`(`id`, `description`, `category_id`, `price_id`, `stock_id`) VALUES ('51000618','Samsung C240', '51', '51000618', '51000618');
INSERT INTO `price`(`id`, `price`) VALUES ('51000618','88');
INSERT INTO `stock`(`id`, `quantity`) VALUES ('51000618','45');
INSERT INTO `items`(`id`, `description`, `category_id`, `price_id`, `stock_id`) VALUES ('51000619','Samsung C3322', '51', '51000619', '51000619');
INSERT INTO `price`(`id`, `price`) VALUES ('51000619','54');
INSERT INTO `stock`(`id`, `quantity`) VALUES ('51000619','83');
INSERT INTO `items`(`id`, `description`, `category_id`, `price_id`, `stock_id`) VALUES ('51000620','Samsung C400', '51', '51000620', '51000620');
INSERT INTO `price`(`id`, `price`) VALUES ('51000620','76');
INSERT INTO `stock`(`id`, `quantity`) VALUES ('51000620','50');
INSERT INTO `items`(`id`, `description`, `category_id`, `price_id`, `stock_id`) VALUES ('51000621','Samsung C500', '51', '51000621', '51000621');
INSERT INTO `price`(`id`, `price`) VALUES ('51000621','99');
INSERT INTO `stock`(`id`, `quantity`) VALUES ('51000621','66');
INSERT INTO `items`(`id`, `description`, `category_id`, `price_id`, `stock_id`) VALUES ('51000622','Samsung C510', '51', '51000622', '51000622');
INSERT INTO `price`(`id`, `price`) VALUES ('51000622','57');
INSERT INTO `stock`(`id`, `quantity`) VALUES ('51000622','96');
INSERT INTO `items`(`id`, `description`, `category_id`, `price_id`, `stock_id`) VALUES ('51000623','Samsung C5510', '51', '51000623', '51000623');
INSERT INTO `price`(`id`, `price`) VALUES ('51000623','50');
INSERT INTO `stock`(`id`, `quantity`) VALUES ('51000623','84');
INSERT INTO `items`(`id`, `description`, `category_id`, `price_id`, `stock_id`) VALUES ('51000624','Samsung C6112', '51', '51000624', '51000624');
INSERT INTO `price`(`id`, `price`) VALUES ('51000624','85');
INSERT INTO `stock`(`id`, `quantity`) VALUES ('51000624','60');
INSERT INTO `items`(`id`, `description`, `category_id`, `price_id`, `stock_id`) VALUES ('51000625','Samsung Ch@t 322', '51', '51000625', '51000625');
INSERT INTO `price`(`id`, `price`) VALUES ('51000625','5');
INSERT INTO `stock`(`id`, `quantity`) VALUES ('51000625','32');
INSERT INTO `items`(`id`, `description`, `category_id`, `price_id`, `stock_id`) VALUES ('51000626','Samsung Ch@t 333', '51', '51000626', '51000626');
INSERT INTO `price`(`id`, `price`) VALUES ('51000626','68');
INSERT INTO `stock`(`id`, `quantity`) VALUES ('51000626','40');
INSERT INTO `items`(`id`, `description`, `category_id`, `price_id`, `stock_id`) VALUES ('51000627','Samsung Ch@t 527', '51', '51000627', '51000627');
INSERT INTO `price`(`id`, `price`) VALUES ('51000627','8');
INSERT INTO `stock`(`id`, `quantity`) VALUES ('51000627','1');
INSERT INTO `items`(`id`, `description`, `category_id`, `price_id`, `stock_id`) VALUES ('51000628','Samsung Conquer 4G', '51', '51000628', '51000628');
INSERT INTO `price`(`id`, `price`) VALUES ('51000628','53');
INSERT INTO `stock`(`id`, `quantity`) VALUES ('51000628','36');
INSERT INTO `items`(`id`, `description`, `category_id`, `price_id`, `stock_id`) VALUES ('51000629','Samsung D700', '51', '51000629', '51000629');
INSERT INTO `price`(`id`, `price`) VALUES ('51000629','79');
INSERT INTO `stock`(`id`, `quantity`) VALUES ('51000629','56');
INSERT INTO `items`(`id`, `description`, `category_id`, `price_id`, `stock_id`) VALUES ('51000630','Samsung D720', '51', '51000630', '51000630');
INSERT INTO `price`(`id`, `price`) VALUES ('51000630','97');
INSERT INTO `stock`(`id`, `quantity`) VALUES ('51000630','94');
INSERT INTO `items`(`id`, `description`, `category_id`, `price_id`, `stock_id`) VALUES ('51000631','Samsung E1160', '51', '51000631', '51000631');
INSERT INTO `price`(`id`, `price`) VALUES ('51000631','20');
INSERT INTO `stock`(`id`, `quantity`) VALUES ('51000631','76');
INSERT INTO `items`(`id`, `description`, `category_id`, `price_id`, `stock_id`) VALUES ('51000632','Samsung E1272', '51', '51000632', '51000632');
INSERT INTO `price`(`id`, `price`) VALUES ('51000632','84');
INSERT INTO `stock`(`id`, `quantity`) VALUES ('51000632','85');
INSERT INTO `items`(`id`, `description`, `category_id`, `price_id`, `stock_id`) VALUES ('51000633','Samsung E1390', '51', '51000633', '51000633');
INSERT INTO `price`(`id`, `price`) VALUES ('51000633','43');
INSERT INTO `stock`(`id`, `quantity`) VALUES ('51000633','94');
INSERT INTO `items`(`id`, `description`, `category_id`, `price_id`, `stock_id`) VALUES ('51000634','Samsung E230', '51', '51000634', '51000634');
INSERT INTO `price`(`id`, `price`) VALUES ('51000634','67');
INSERT INTO `stock`(`id`, `quantity`) VALUES ('51000634','79');
INSERT INTO `items`(`id`, `description`, `category_id`, `price_id`, `stock_id`) VALUES ('51000635','Samsung E810', '51', '51000635', '51000635');
INSERT INTO `price`(`id`, `price`) VALUES ('51000635','1');
INSERT INTO `stock`(`id`, `quantity`) VALUES ('51000635','51');
INSERT INTO `items`(`id`, `description`, `category_id`, `price_id`, `stock_id`) VALUES ('51000636','Samsung E898', '51', '51000636', '51000636');
INSERT INTO `price`(`id`, `price`) VALUES ('51000636','68');
INSERT INTO `stock`(`id`, `quantity`) VALUES ('51000636','66');
INSERT INTO `items`(`id`, `description`, `category_id`, `price_id`, `stock_id`) VALUES ('51000637','Samsung E900', '51', '51000637', '51000637');
INSERT INTO `price`(`id`, `price`) VALUES ('51000637','56');
INSERT INTO `stock`(`id`, `quantity`) VALUES ('51000637','79');
INSERT INTO `items`(`id`, `description`, `category_id`, `price_id`, `stock_id`) VALUES ('51000638','Samsung F700', '51', '51000638', '51000638');
INSERT INTO `price`(`id`, `price`) VALUES ('51000638','22');
INSERT INTO `stock`(`id`, `quantity`) VALUES ('51000638','3');
INSERT INTO `items`(`id`, `description`, `category_id`, `price_id`, `stock_id`) VALUES ('51000639','Samsung Galaxy A20s', '51', '51000639', '51000639');
INSERT INTO `price`(`id`, `price`) VALUES ('51000639','26');
INSERT INTO `stock`(`id`, `quantity`) VALUES ('51000639','57');
INSERT INTO `items`(`id`, `description`, `category_id`, `price_id`, `stock_id`) VALUES ('51000640','Samsung Galaxy A32 5G', '51', '51000640', '51000640');
INSERT INTO `price`(`id`, `price`) VALUES ('51000640','93');
INSERT INTO `stock`(`id`, `quantity`) VALUES ('51000640','26');
INSERT INTO `items`(`id`, `description`, `category_id`, `price_id`, `stock_id`) VALUES ('51000641','Samsung Galaxy A42 5G', '51', '51000641', '51000641');
INSERT INTO `price`(`id`, `price`) VALUES ('51000641','16');
INSERT INTO `stock`(`id`, `quantity`) VALUES ('51000641','32');
INSERT INTO `items`(`id`, `description`, `category_id`, `price_id`, `stock_id`) VALUES ('51000642','Samsung Galaxy Ace 4 LTE G313', '51', '51000642', '51000642');
INSERT INTO `price`(`id`, `price`) VALUES ('51000642','62');
INSERT INTO `stock`(`id`, `quantity`) VALUES ('51000642','53');
INSERT INTO `items`(`id`, `description`, `category_id`, `price_id`, `stock_id`) VALUES ('51000643','Samsung Galaxy Avant', '51', '51000643', '51000643');
INSERT INTO `price`(`id`, `price`) VALUES ('51000643','86');
INSERT INTO `stock`(`id`, `quantity`) VALUES ('51000643','15');
INSERT INTO `items`(`id`, `description`, `category_id`, `price_id`, `stock_id`) VALUES ('51000644','Samsung Galaxy Axiom R830', '51', '51000644', '51000644');
INSERT INTO `price`(`id`, `price`) VALUES ('51000644','27');
INSERT INTO `stock`(`id`, `quantity`) VALUES ('51000644','7');
INSERT INTO `items`(`id`, `description`, `category_id`, `price_id`, `stock_id`) VALUES ('51000645','Samsung Galaxy C5', '51', '51000645', '51000645');
INSERT INTO `price`(`id`, `price`) VALUES ('51000645','30');
INSERT INTO `stock`(`id`, `quantity`) VALUES ('51000645','23');
INSERT INTO `items`(`id`, `description`, `category_id`, `price_id`, `stock_id`) VALUES ('51000646','Samsung Galaxy Fold 5G', '51', '51000646', '51000646');
INSERT INTO `price`(`id`, `price`) VALUES ('51000646','24');
INSERT INTO `stock`(`id`, `quantity`) VALUES ('51000646','39');
INSERT INTO `items`(`id`, `description`, `category_id`, `price_id`, `stock_id`) VALUES ('51000647','Samsung Galaxy Folder', '51', '51000647', '51000647');
INSERT INTO `price`(`id`, `price`) VALUES ('51000647','29');
INSERT INTO `stock`(`id`, `quantity`) VALUES ('51000647','43');
INSERT INTO `items`(`id`, `description`, `category_id`, `price_id`, `stock_id`) VALUES ('51000648','Samsung Galaxy J1 (2016)', '51', '51000648', '51000648');
INSERT INTO `price`(`id`, `price`) VALUES ('51000648','59');
INSERT INTO `stock`(`id`, `quantity`) VALUES ('51000648','97');
INSERT INTO `items`(`id`, `description`, `category_id`, `price_id`, `stock_id`) VALUES ('51000649','Samsung Galaxy J1 4G', '51', '51000649', '51000649');
INSERT INTO `price`(`id`, `price`) VALUES ('51000649','53');
INSERT INTO `stock`(`id`, `quantity`) VALUES ('51000649','8');
INSERT INTO `items`(`id`, `description`, `category_id`, `price_id`, `stock_id`) VALUES ('51000650','Samsung Galaxy J3 (2016)', '51', '51000650', '51000650');
INSERT INTO `price`(`id`, `price`) VALUES ('51000650','79');
INSERT INTO `stock`(`id`, `quantity`) VALUES ('51000650','79');
INSERT INTO `items`(`id`, `description`, `category_id`, `price_id`, `stock_id`) VALUES ('51000651','Samsung Galaxy J5 (2017)', '51', '51000651', '51000651');
INSERT INTO `price`(`id`, `price`) VALUES ('51000651','89');
INSERT INTO `stock`(`id`, `quantity`) VALUES ('51000651','16');
INSERT INTO `items`(`id`, `description`, `category_id`, `price_id`, `stock_id`) VALUES ('51000652','Samsung Galaxy M Style M340S', '51', '51000652', '51000652');
INSERT INTO `price`(`id`, `price`) VALUES ('51000652','98');
INSERT INTO `stock`(`id`, `quantity`) VALUES ('51000652','35');
INSERT INTO `items`(`id`, `description`, `category_id`, `price_id`, `stock_id`) VALUES ('51000653','Samsung Galaxy M31s', '51', '51000653', '51000653');
INSERT INTO `price`(`id`, `price`) VALUES ('51000653','91');
INSERT INTO `stock`(`id`, `quantity`) VALUES ('51000653','14');
INSERT INTO `items`(`id`, `description`, `category_id`, `price_id`, `stock_id`) VALUES ('51000654','Samsung Galaxy Note 4 (USA)', '51', '51000654', '51000654');
INSERT INTO `price`(`id`, `price`) VALUES ('51000654','87');
INSERT INTO `stock`(`id`, `quantity`) VALUES ('51000654','45');
INSERT INTO `items`(`id`, `description`, `category_id`, `price_id`, `stock_id`) VALUES ('51000655','Samsung Galaxy Note 8.0 Wi-Fi', '51', '51000655', '51000655');
INSERT INTO `price`(`id`, `price`) VALUES ('51000655','32');
INSERT INTO `stock`(`id`, `quantity`) VALUES ('51000655','59');
INSERT INTO `items`(`id`, `description`, `category_id`, `price_id`, `stock_id`) VALUES ('51000656','Samsung Galaxy Note10 Lite', '51', '51000656', '51000656');
INSERT INTO `price`(`id`, `price`) VALUES ('51000656','61');
INSERT INTO `stock`(`id`, `quantity`) VALUES ('51000656','71');
INSERT INTO `items`(`id`, `description`, `category_id`, `price_id`, `stock_id`) VALUES ('51000657','Samsung Galaxy On5 (2016)', '51', '51000657', '51000657');
INSERT INTO `price`(`id`, `price`) VALUES ('51000657','20');
INSERT INTO `stock`(`id`, `quantity`) VALUES ('51000657','25');
INSERT INTO `items`(`id`, `description`, `category_id`, `price_id`, `stock_id`) VALUES ('51000658','Samsung Galaxy Prevail 2', '51', '51000658', '51000658');
INSERT INTO `price`(`id`, `price`) VALUES ('51000658','44');
INSERT INTO `stock`(`id`, `quantity`) VALUES ('51000658','90');
INSERT INTO `items`(`id`, `description`, `category_id`, `price_id`, `stock_id`) VALUES ('51000659','Samsung Galaxy S Duos 3', '51', '51000659', '51000659');
INSERT INTO `price`(`id`, `price`) VALUES ('51000659','60');
INSERT INTO `stock`(`id`, `quantity`) VALUES ('51000659','42');
INSERT INTO `items`(`id`, `description`, `category_id`, `price_id`, `stock_id`) VALUES ('51000660','Samsung Galaxy S II T989', '51', '51000660', '51000660');
INSERT INTO `price`(`id`, `price`) VALUES ('51000660','18');
INSERT INTO `stock`(`id`, `quantity`) VALUES ('51000660','56');
INSERT INTO `items`(`id`, `description`, `category_id`, `price_id`, `stock_id`) VALUES ('51000661','Samsung Galaxy S10 Lite', '51', '51000661', '51000661');
INSERT INTO `price`(`id`, `price`) VALUES ('51000661','78');
INSERT INTO `stock`(`id`, `quantity`) VALUES ('51000661','99');
INSERT INTO `items`(`id`, `description`, `category_id`, `price_id`, `stock_id`) VALUES ('51000662','Samsung Galaxy S21+ 5G', '51', '51000662', '51000662');
INSERT INTO `price`(`id`, `price`) VALUES ('51000662','89');
INSERT INTO `stock`(`id`, `quantity`) VALUES ('51000662','21');
INSERT INTO `items`(`id`, `description`, `category_id`, `price_id`, `stock_id`) VALUES ('51000663','Samsung Galaxy S5 (USA)', '51', '51000663', '51000663');
INSERT INTO `price`(`id`, `price`) VALUES ('51000663','56');
INSERT INTO `stock`(`id`, `quantity`) VALUES ('51000663','8');
INSERT INTO `items`(`id`, `description`, `category_id`, `price_id`, `stock_id`) VALUES ('51000664','Samsung Galaxy S6 edge (USA)', '51', '51000664', '51000664');
INSERT INTO `price`(`id`, `price`) VALUES ('51000664','65');
INSERT INTO `stock`(`id`, `quantity`) VALUES ('51000664','98');
INSERT INTO `items`(`id`, `description`, `category_id`, `price_id`, `stock_id`) VALUES ('51000665','Samsung Galaxy Tab 2 10.1 CDMA', '51', '51000665', '51000665');
INSERT INTO `price`(`id`, `price`) VALUES ('51000665','16');
INSERT INTO `stock`(`id`, `quantity`) VALUES ('51000665','15');
INSERT INTO `items`(`id`, `description`, `category_id`, `price_id`, `stock_id`) VALUES ('51000666','Samsung Galaxy Tab 2 7.0 P3110', '51', '51000666', '51000666');
INSERT INTO `price`(`id`, `price`) VALUES ('51000666','64');
INSERT INTO `stock`(`id`, `quantity`) VALUES ('51000666','15');
INSERT INTO `items`(`id`, `description`, `category_id`, `price_id`, `stock_id`) VALUES ('51000667','Samsung Galaxy Tab 4 8.0 LTE', '51', '51000667', '51000667');
INSERT INTO `price`(`id`, `price`) VALUES ('51000667','79');
INSERT INTO `stock`(`id`, `quantity`) VALUES ('51000667','71');
INSERT INTO `items`(`id`, `description`, `category_id`, `price_id`, `stock_id`) VALUES ('51000668','Samsung Galaxy Tab A 8.0 (2018)', '51', '51000668', '51000668');
INSERT INTO `price`(`id`, `price`) VALUES ('51000668','29');
INSERT INTO `stock`(`id`, `quantity`) VALUES ('51000668','26');
INSERT INTO `items`(`id`, `description`, `category_id`, `price_id`, `stock_id`) VALUES ('51000669','Samsung Galaxy Tab A 9.7', '51', '51000669', '51000669');
INSERT INTO `price`(`id`, `price`) VALUES ('51000669','23');
INSERT INTO `stock`(`id`, `quantity`) VALUES ('51000669','35');
INSERT INTO `items`(`id`, `description`, `category_id`, `price_id`, `stock_id`) VALUES ('51000670','Samsung Galaxy Watch3', '51', '51000670', '51000670');
INSERT INTO `price`(`id`, `price`) VALUES ('51000670','58');
INSERT INTO `stock`(`id`, `quantity`) VALUES ('51000670','61');
INSERT INTO `items`(`id`, `description`, `category_id`, `price_id`, `stock_id`) VALUES ('51000671','Samsung Galaxy Win I8550', '51', '51000671', '51000671');
INSERT INTO `price`(`id`, `price`) VALUES ('51000671','6');
INSERT INTO `stock`(`id`, `quantity`) VALUES ('51000671','50');
INSERT INTO `items`(`id`, `description`, `category_id`, `price_id`, `stock_id`) VALUES ('51000672','Samsung Gear S2', '51', '51000672', '51000672');
INSERT INTO `price`(`id`, `price`) VALUES ('51000672','50');
INSERT INTO `stock`(`id`, `quantity`) VALUES ('51000672','39');
INSERT INTO `items`(`id`, `description`, `category_id`, `price_id`, `stock_id`) VALUES ('51000673','Samsung Gravity Q T289', '51', '51000673', '51000673');
INSERT INTO `price`(`id`, `price`) VALUES ('51000673','72');
INSERT INTO `stock`(`id`, `quantity`) VALUES ('51000673','38');
INSERT INTO `items`(`id`, `description`, `category_id`, `price_id`, `stock_id`) VALUES ('51000674','Samsung I110 Illusion', '51', '51000674', '51000674');
INSERT INTO `price`(`id`, `price`) VALUES ('51000674','61');
INSERT INTO `stock`(`id`, `quantity`) VALUES ('51000674','92');
INSERT INTO `items`(`id`, `description`, `category_id`, `price_id`, `stock_id`) VALUES ('51000675','Samsung I9500 Galaxy S4', '51', '51000675', '51000675');
INSERT INTO `price`(`id`, `price`) VALUES ('51000675','6');
INSERT INTO `stock`(`id`, `quantity`) VALUES ('51000675','26');
INSERT INTO `items`(`id`, `description`, `category_id`, `price_id`, `stock_id`) VALUES ('51000676','Samsung I997 Infuse 4G', '51', '51000676', '51000676');
INSERT INTO `price`(`id`, `price`) VALUES ('51000676','87');
INSERT INTO `stock`(`id`, `quantity`) VALUES ('51000676','18');
INSERT INTO `items`(`id`, `description`, `category_id`, `price_id`, `stock_id`) VALUES ('51000677','Samsung M110', '51', '51000677', '51000677');
INSERT INTO `price`(`id`, `price`) VALUES ('51000677','26');
INSERT INTO `stock`(`id`, `quantity`) VALUES ('51000677','28');
INSERT INTO `items`(`id`, `description`, `category_id`, `price_id`, `stock_id`) VALUES ('51000678','Samsung M130L Galaxy U', '51', '51000678', '51000678');
INSERT INTO `price`(`id`, `price`) VALUES ('51000678','11');
INSERT INTO `stock`(`id`, `quantity`) VALUES ('51000678','47');
INSERT INTO `items`(`id`, `description`, `category_id`, `price_id`, `stock_id`) VALUES ('51000679','Samsung M140', '51', '51000679', '51000679');
INSERT INTO `price`(`id`, `price`) VALUES ('51000679','93');
INSERT INTO `stock`(`id`, `quantity`) VALUES ('51000679','50');
INSERT INTO `items`(`id`, `description`, `category_id`, `price_id`, `stock_id`) VALUES ('51000680','Samsung M2710 Beat Twist', '51', '51000680', '51000680');
INSERT INTO `price`(`id`, `price`) VALUES ('51000680','26');
INSERT INTO `stock`(`id`, `quantity`) VALUES ('51000680','67');
INSERT INTO `items`(`id`, `description`, `category_id`, `price_id`, `stock_id`) VALUES ('51000681','Samsung M3310', '51', '51000681', '51000681');
INSERT INTO `price`(`id`, `price`) VALUES ('51000681','20');
INSERT INTO `stock`(`id`, `quantity`) VALUES ('51000681','70');
INSERT INTO `items`(`id`, `description`, `category_id`, `price_id`, `stock_id`) VALUES ('51000682','Samsung M580 Replenish', '51', '51000682', '51000682');
INSERT INTO `price`(`id`, `price`) VALUES ('51000682','26');
INSERT INTO `stock`(`id`, `quantity`) VALUES ('51000682','55');
INSERT INTO `items`(`id`, `description`, `category_id`, `price_id`, `stock_id`) VALUES ('51000683','Samsung Mpower TV S239', '51', '51000683', '51000683');
INSERT INTO `price`(`id`, `price`) VALUES ('51000683','80');
INSERT INTO `stock`(`id`, `quantity`) VALUES ('51000683','23');
INSERT INTO `items`(`id`, `description`, `category_id`, `price_id`, `stock_id`) VALUES ('51000684','Samsung N620', '51', '51000684', '51000684');
INSERT INTO `price`(`id`, `price`) VALUES ('51000684','10');
INSERT INTO `stock`(`id`, `quantity`) VALUES ('51000684','70');
INSERT INTO `items`(`id`, `description`, `category_id`, `price_id`, `stock_id`) VALUES ('51000685','Samsung P200', '51', '51000685', '51000685');
INSERT INTO `price`(`id`, `price`) VALUES ('51000685','13');
INSERT INTO `stock`(`id`, `quantity`) VALUES ('51000685','68');
INSERT INTO `items`(`id`, `description`, `category_id`, `price_id`, `stock_id`) VALUES ('51000686','Samsung R260 Chrono', '51', '51000686', '51000686');
INSERT INTO `price`(`id`, `price`) VALUES ('51000686','33');
INSERT INTO `stock`(`id`, `quantity`) VALUES ('51000686','51');
INSERT INTO `items`(`id`, `description`, `category_id`, `price_id`, `stock_id`) VALUES ('51000687','Samsung R910 Galaxy Indulge', '51', '51000687', '51000687');
INSERT INTO `price`(`id`, `price`) VALUES ('51000687','45');
INSERT INTO `stock`(`id`, `quantity`) VALUES ('51000687','38');
INSERT INTO `items`(`id`, `description`, `category_id`, `price_id`, `stock_id`) VALUES ('51000688','Samsung Rex 80 S5222R', '51', '51000688', '51000688');
INSERT INTO `price`(`id`, `price`) VALUES ('51000688','8');
INSERT INTO `stock`(`id`, `quantity`) VALUES ('51000688','96');
INSERT INTO `items`(`id`, `description`, `category_id`, `price_id`, `stock_id`) VALUES ('51000689','Samsung S3550 Shark 3', '51', '51000689', '51000689');
INSERT INTO `price`(`id`, `price`) VALUES ('51000689','58');
INSERT INTO `stock`(`id`, `quantity`) VALUES ('51000689','5');
INSERT INTO `items`(`id`, `description`, `category_id`, `price_id`, `stock_id`) VALUES ('51000690','Samsung S3600', '51', '51000690', '51000690');
INSERT INTO `price`(`id`, `price`) VALUES ('51000690','45');
INSERT INTO `stock`(`id`, `quantity`) VALUES ('51000690','59');
INSERT INTO `items`(`id`, `description`, `category_id`, `price_id`, `stock_id`) VALUES ('51000691','Samsung S3650W Corby', '51', '51000691', '51000691');
INSERT INTO `price`(`id`, `price`) VALUES ('51000691','62');
INSERT INTO `stock`(`id`, `quantity`) VALUES ('51000691','53');
INSERT INTO `items`(`id`, `description`, `category_id`, `price_id`, `stock_id`) VALUES ('51000692','Samsung S400i', '51', '51000692', '51000692');
INSERT INTO `price`(`id`, `price`) VALUES ('51000692','93');
INSERT INTO `stock`(`id`, `quantity`) VALUES ('51000692','97');
INSERT INTO `items`(`id`, `description`, `category_id`, `price_id`, `stock_id`) VALUES ('51000693','Samsung S5550 Shark 2', '51', '51000693', '51000693');
INSERT INTO `price`(`id`, `price`) VALUES ('51000693','40');
INSERT INTO `stock`(`id`, `quantity`) VALUES ('51000693','17');
INSERT INTO `items`(`id`, `description`, `category_id`, `price_id`, `stock_id`) VALUES ('51000694','Samsung S5600 Preston', '51', '51000694', '51000694');
INSERT INTO `price`(`id`, `price`) VALUES ('51000694','54');
INSERT INTO `stock`(`id`, `quantity`) VALUES ('51000694','94');
INSERT INTO `items`(`id`, `description`, `category_id`, `price_id`, `stock_id`) VALUES ('51000695','Samsung S7330', '51', '51000695', '51000695');
INSERT INTO `price`(`id`, `price`) VALUES ('51000695','77');
INSERT INTO `stock`(`id`, `quantity`) VALUES ('51000695','27');
INSERT INTO `items`(`id`, `description`, `category_id`, `price_id`, `stock_id`) VALUES ('51000696','Samsung S9402 Ego', '51', '51000696', '51000696');
INSERT INTO `price`(`id`, `price`) VALUES ('51000696','97');
INSERT INTO `stock`(`id`, `quantity`) VALUES ('51000696','68');
INSERT INTO `items`(`id`, `description`, `category_id`, `price_id`, `stock_id`) VALUES ('51000697','Samsung SPH-i325 Ace', '51', '51000697', '51000697');
INSERT INTO `price`(`id`, `price`) VALUES ('51000697','90');
INSERT INTO `stock`(`id`, `quantity`) VALUES ('51000697','43');
INSERT INTO `items`(`id`, `description`, `category_id`, `price_id`, `stock_id`) VALUES ('51000698','Samsung T119', '51', '51000698', '51000698');
INSERT INTO `price`(`id`, `price`) VALUES ('51000698','32');
INSERT INTO `stock`(`id`, `quantity`) VALUES ('51000698','85');
INSERT INTO `items`(`id`, `description`, `category_id`, `price_id`, `stock_id`) VALUES ('51000699','Samsung T746 Impact', '51', '51000699', '51000699');
INSERT INTO `price`(`id`, `price`) VALUES ('51000699','32');
INSERT INTO `stock`(`id`, `quantity`) VALUES ('51000699','53');
INSERT INTO `items`(`id`, `description`, `category_id`, `price_id`, `stock_id`) VALUES ('51000700','Samsung U380 Brightside', '51', '51000700', '51000700');
INSERT INTO `price`(`id`, `price`) VALUES ('51000700','62');
INSERT INTO `stock`(`id`, `quantity`) VALUES ('51000700','77');
INSERT INTO `items`(`id`, `description`, `category_id`, `price_id`, `stock_id`) VALUES ('51000701','Samsung W9705', '51', '51000701', '51000701');
INSERT INTO `price`(`id`, `price`) VALUES ('51000701','67');
INSERT INTO `stock`(`id`, `quantity`) VALUES ('51000701','4');
INSERT INTO `items`(`id`, `description`, `category_id`, `price_id`, `stock_id`) VALUES ('51000702','Samsung Wave M S7250', '51', '51000702', '51000702');
INSERT INTO `price`(`id`, `price`) VALUES ('51000702','60');
INSERT INTO `stock`(`id`, `quantity`) VALUES ('51000702','7');
INSERT INTO `items`(`id`, `description`, `category_id`, `price_id`, `stock_id`) VALUES ('51000703','Samsung X510', '51', '51000703', '51000703');
INSERT INTO `price`(`id`, `price`) VALUES ('51000703','45');
INSERT INTO `stock`(`id`, `quantity`) VALUES ('51000703','49');
INSERT INTO `items`(`id`, `description`, `category_id`, `price_id`, `stock_id`) VALUES ('51000704','Samsung X600', '51', '51000704', '51000704');
INSERT INTO `price`(`id`, `price`) VALUES ('51000704','9');
INSERT INTO `stock`(`id`, `quantity`) VALUES ('51000704','65');
INSERT INTO `items`(`id`, `description`, `category_id`, `price_id`, `stock_id`) VALUES ('51000705','Samsung Z300', '51', '51000705', '51000705');
INSERT INTO `price`(`id`, `price`) VALUES ('51000705','62');
INSERT INTO `stock`(`id`, `quantity`) VALUES ('51000705','89');
INSERT INTO `items`(`id`, `description`, `category_id`, `price_id`, `stock_id`) VALUES ('51000706','Samsung Z4', '51', '51000706', '51000706');
INSERT INTO `price`(`id`, `price`) VALUES ('51000706','33');
INSERT INTO `stock`(`id`, `quantity`) VALUES ('51000706','75');
INSERT INTO `items`(`id`, `description`, `category_id`, `price_id`, `stock_id`) VALUES ('51000707','Samsung Z500', '51', '51000707', '51000707');
INSERT INTO `price`(`id`, `price`) VALUES ('51000707','22');
INSERT INTO `stock`(`id`, `quantity`) VALUES ('51000707','16');
INSERT INTO `items`(`id`, `description`, `category_id`, `price_id`, `stock_id`) VALUES ('51000708','Samsung Z510', '51', '51000708', '51000708');
INSERT INTO `price`(`id`, `price`) VALUES ('51000708','94');
INSERT INTO `stock`(`id`, `quantity`) VALUES ('51000708','96');
INSERT INTO `items`(`id`, `description`, `category_id`, `price_id`, `stock_id`) VALUES ('51000709','Samsung Z720', '51', '51000709', '51000709');
INSERT INTO `price`(`id`, `price`) VALUES ('51000709','77');
INSERT INTO `stock`(`id`, `quantity`) VALUES ('51000709','54');
INSERT INTO `items`(`id`, `description`, `category_id`, `price_id`, `stock_id`) VALUES ('51000710','Samsung i310', '51', '51000710', '51000710');
INSERT INTO `price`(`id`, `price`) VALUES ('51000710','100');
INSERT INTO `stock`(`id`, `quantity`) VALUES ('51000710','52');
INSERT INTO `items`(`id`, `description`, `category_id`, `price_id`, `stock_id`) VALUES ('51000711','Samsung i560', '51', '51000711', '51000711');
INSERT INTO `price`(`id`, `price`) VALUES ('51000711','55');
INSERT INTO `stock`(`id`, `quantity`) VALUES ('51000711','53');
INSERT INTO `items`(`id`, `description`, `category_id`, `price_id`, `stock_id`) VALUES ('51000712','Samsung i907 Epix', '51', '51000712', '51000712');
INSERT INTO `price`(`id`, `price`) VALUES ('51000712','13');
INSERT INTO `stock`(`id`, `quantity`) VALUES ('51000712','91');
INSERT INTO `items`(`id`, `description`, `category_id`, `price_id`, `stock_id`) VALUES ('52000713','Sendo K1', '52', '52000713', '52000713');
INSERT INTO `price`(`id`, `price`) VALUES ('52000713','68');
INSERT INTO `stock`(`id`, `quantity`) VALUES ('52000713','46');
INSERT INTO `items`(`id`, `description`, `category_id`, `price_id`, `stock_id`) VALUES ('53000714','Sewon SG-2300CD', '53', '53000714', '53000714');
INSERT INTO `price`(`id`, `price`) VALUES ('53000714','47');
INSERT INTO `stock`(`id`, `quantity`) VALUES ('53000714','51');
INSERT INTO `items`(`id`, `description`, `category_id`, `price_id`, `stock_id`) VALUES ('53000715','Sewon SG-4500', '53', '53000715', '53000715');
INSERT INTO `price`(`id`, `price`) VALUES ('53000715','14');
INSERT INTO `stock`(`id`, `quantity`) VALUES ('53000715','92');
INSERT INTO `items`(`id`, `description`, `category_id`, `price_id`, `stock_id`) VALUES ('53000716','Sewon SRD-200', '53', '53000716', '53000716');
INSERT INTO `price`(`id`, `price`) VALUES ('53000716','83');
INSERT INTO `stock`(`id`, `quantity`) VALUES ('53000716','80');
INSERT INTO `items`(`id`, `description`, `category_id`, `price_id`, `stock_id`) VALUES ('54000717','Sharp 934SH', '54', '54000717', '54000717');
INSERT INTO `price`(`id`, `price`) VALUES ('54000717','75');
INSERT INTO `stock`(`id`, `quantity`) VALUES ('54000717','37');
INSERT INTO `items`(`id`, `description`, `category_id`, `price_id`, `stock_id`) VALUES ('54000718','Sharp Aquos C10', '54', '54000718', '54000718');
INSERT INTO `price`(`id`, `price`) VALUES ('54000718','30');
INSERT INTO `stock`(`id`, `quantity`) VALUES ('54000718','53');
INSERT INTO `items`(`id`, `description`, `category_id`, `price_id`, `stock_id`) VALUES ('54000719','Sharp Aquos D10', '54', '54000719', '54000719');
INSERT INTO `price`(`id`, `price`) VALUES ('54000719','67');
INSERT INTO `stock`(`id`, `quantity`) VALUES ('54000719','11');
INSERT INTO `items`(`id`, `description`, `category_id`, `price_id`, `stock_id`) VALUES ('54000720','Sharp Aquos V', '54', '54000720', '54000720');
INSERT INTO `price`(`id`, `price`) VALUES ('54000720','18');
INSERT INTO `stock`(`id`, `quantity`) VALUES ('54000720','68');
INSERT INTO `items`(`id`, `description`, `category_id`, `price_id`, `stock_id`) VALUES ('55000721','Siemens A31', '55', '55000721', '55000721');
INSERT INTO `price`(`id`, `price`) VALUES ('55000721','59');
INSERT INTO `stock`(`id`, `quantity`) VALUES ('55000721','15');
INSERT INTO `items`(`id`, `description`, `category_id`, `price_id`, `stock_id`) VALUES ('55000722','Siemens A36', '55', '55000722', '55000722');
INSERT INTO `price`(`id`, `price`) VALUES ('55000722','8');
INSERT INTO `stock`(`id`, `quantity`) VALUES ('55000722','64');
INSERT INTO `items`(`id`, `description`, `category_id`, `price_id`, `stock_id`) VALUES ('55000723','Siemens C35', '55', '55000723', '55000723');
INSERT INTO `price`(`id`, `price`) VALUES ('55000723','59');
INSERT INTO `stock`(`id`, `quantity`) VALUES ('55000723','15');
INSERT INTO `items`(`id`, `description`, `category_id`, `price_id`, `stock_id`) VALUES ('55000724','Siemens CC75', '55', '55000724', '55000724');
INSERT INTO `price`(`id`, `price`) VALUES ('55000724','65');
INSERT INTO `stock`(`id`, `quantity`) VALUES ('55000724','74');
INSERT INTO `items`(`id`, `description`, `category_id`, `price_id`, `stock_id`) VALUES ('55000725','Siemens CL75', '55', '55000725', '55000725');
INSERT INTO `price`(`id`, `price`) VALUES ('55000725','26');
INSERT INTO `stock`(`id`, `quantity`) VALUES ('55000725','54');
INSERT INTO `items`(`id`, `description`, `category_id`, `price_id`, `stock_id`) VALUES ('55000726','Siemens CX65', '55', '55000726', '55000726');
INSERT INTO `price`(`id`, `price`) VALUES ('55000726','50');
INSERT INTO `stock`(`id`, `quantity`) VALUES ('55000726','77');
INSERT INTO `items`(`id`, `description`, `category_id`, `price_id`, `stock_id`) VALUES ('55000727','Siemens ME45', '55', '55000727', '55000727');
INSERT INTO `price`(`id`, `price`) VALUES ('55000727','48');
INSERT INTO `stock`(`id`, `quantity`) VALUES ('55000727','97');
INSERT INTO `items`(`id`, `description`, `category_id`, `price_id`, `stock_id`) VALUES ('55000728','Siemens ME75', '55', '55000728', '55000728');
INSERT INTO `price`(`id`, `price`) VALUES ('55000728','68');
INSERT INTO `stock`(`id`, `quantity`) VALUES ('55000728','11');
INSERT INTO `items`(`id`, `description`, `category_id`, `price_id`, `stock_id`) VALUES ('55000729','Siemens SL10', '55', '55000729', '55000729');
INSERT INTO `price`(`id`, `price`) VALUES ('55000729','16');
INSERT INTO `stock`(`id`, `quantity`) VALUES ('55000729','84');
INSERT INTO `items`(`id`, `description`, `category_id`, `price_id`, `stock_id`) VALUES ('55000730','Siemens Xelibri 3', '55', '55000730', '55000730');
INSERT INTO `price`(`id`, `price`) VALUES ('55000730','91');
INSERT INTO `stock`(`id`, `quantity`) VALUES ('55000730','25');
INSERT INTO `items`(`id`, `description`, `category_id`, `price_id`, `stock_id`) VALUES ('9000731','Sony Ericsson C510', '9', '9000731', '9000731');
INSERT INTO `price`(`id`, `price`) VALUES ('9000731','77');
INSERT INTO `stock`(`id`, `quantity`) VALUES ('9000731','33');
INSERT INTO `items`(`id`, `description`, `category_id`, `price_id`, `stock_id`) VALUES ('56000731','Sony Ericsson C510', '56', '56000731', '56000731');
INSERT INTO `price`(`id`, `price`) VALUES ('56000731','87');
INSERT INTO `stock`(`id`, `quantity`) VALUES ('56000731','11');
INSERT INTO `items`(`id`, `description`, `category_id`, `price_id`, `stock_id`) VALUES ('9000732','Sony Ericsson C905', '9', '9000732', '9000732');
INSERT INTO `price`(`id`, `price`) VALUES ('9000732','72');
INSERT INTO `stock`(`id`, `quantity`) VALUES ('9000732','24');
INSERT INTO `items`(`id`, `description`, `category_id`, `price_id`, `stock_id`) VALUES ('56000732','Sony Ericsson C905', '56', '56000732', '56000732');
INSERT INTO `price`(`id`, `price`) VALUES ('56000732','84');
INSERT INTO `stock`(`id`, `quantity`) VALUES ('56000732','25');
INSERT INTO `items`(`id`, `description`, `category_id`, `price_id`, `stock_id`) VALUES ('9000733','Sony Ericsson F500i', '9', '9000733', '9000733');
INSERT INTO `price`(`id`, `price`) VALUES ('9000733','22');
INSERT INTO `stock`(`id`, `quantity`) VALUES ('9000733','65');
INSERT INTO `items`(`id`, `description`, `category_id`, `price_id`, `stock_id`) VALUES ('56000733','Sony Ericsson F500i', '56', '56000733', '56000733');
INSERT INTO `price`(`id`, `price`) VALUES ('56000733','84');
INSERT INTO `stock`(`id`, `quantity`) VALUES ('56000733','7');
INSERT INTO `items`(`id`, `description`, `category_id`, `price_id`, `stock_id`) VALUES ('9000734','Sony Ericsson Hazel', '9', '9000734', '9000734');
INSERT INTO `price`(`id`, `price`) VALUES ('9000734','30');
INSERT INTO `stock`(`id`, `quantity`) VALUES ('9000734','37');
INSERT INTO `items`(`id`, `description`, `category_id`, `price_id`, `stock_id`) VALUES ('56000734','Sony Ericsson Hazel', '56', '56000734', '56000734');
INSERT INTO `price`(`id`, `price`) VALUES ('56000734','72');
INSERT INTO `stock`(`id`, `quantity`) VALUES ('56000734','67');
INSERT INTO `items`(`id`, `description`, `category_id`, `price_id`, `stock_id`) VALUES ('9000735','Sony Ericsson R306 Radio', '9', '9000735', '9000735');
INSERT INTO `price`(`id`, `price`) VALUES ('9000735','67');
INSERT INTO `stock`(`id`, `quantity`) VALUES ('9000735','66');
INSERT INTO `items`(`id`, `description`, `category_id`, `price_id`, `stock_id`) VALUES ('56000735','Sony Ericsson R306 Radio', '56', '56000735', '56000735');
INSERT INTO `price`(`id`, `price`) VALUES ('56000735','47');
INSERT INTO `stock`(`id`, `quantity`) VALUES ('56000735','30');
INSERT INTO `items`(`id`, `description`, `category_id`, `price_id`, `stock_id`) VALUES ('9000736','Sony Ericsson S700', '9', '9000736', '9000736');
INSERT INTO `price`(`id`, `price`) VALUES ('9000736','89');
INSERT INTO `stock`(`id`, `quantity`) VALUES ('9000736','33');
INSERT INTO `items`(`id`, `description`, `category_id`, `price_id`, `stock_id`) VALUES ('56000736','Sony Ericsson S700', '56', '56000736', '56000736');
INSERT INTO `price`(`id`, `price`) VALUES ('56000736','48');
INSERT INTO `stock`(`id`, `quantity`) VALUES ('56000736','80');
INSERT INTO `items`(`id`, `description`, `category_id`, `price_id`, `stock_id`) VALUES ('9000737','Sony Ericsson W830', '9', '9000737', '9000737');
INSERT INTO `price`(`id`, `price`) VALUES ('9000737','63');
INSERT INTO `stock`(`id`, `quantity`) VALUES ('9000737','6');
INSERT INTO `items`(`id`, `description`, `category_id`, `price_id`, `stock_id`) VALUES ('56000737','Sony Ericsson W830', '56', '56000737', '56000737');
INSERT INTO `price`(`id`, `price`) VALUES ('56000737','19');
INSERT INTO `stock`(`id`, `quantity`) VALUES ('56000737','81');
INSERT INTO `items`(`id`, `description`, `category_id`, `price_id`, `stock_id`) VALUES ('9000738','Sony Ericsson W980', '9', '9000738', '9000738');
INSERT INTO `price`(`id`, `price`) VALUES ('9000738','47');
INSERT INTO `stock`(`id`, `quantity`) VALUES ('9000738','35');
INSERT INTO `items`(`id`, `description`, `category_id`, `price_id`, `stock_id`) VALUES ('56000738','Sony Ericsson W980', '56', '56000738', '56000738');
INSERT INTO `price`(`id`, `price`) VALUES ('56000738','18');
INSERT INTO `stock`(`id`, `quantity`) VALUES ('56000738','92');
INSERT INTO `items`(`id`, `description`, `category_id`, `price_id`, `stock_id`) VALUES ('9000739','Sony Ericsson Xperia X8', '9', '9000739', '9000739');
INSERT INTO `price`(`id`, `price`) VALUES ('9000739','1');
INSERT INTO `stock`(`id`, `quantity`) VALUES ('9000739','56');
INSERT INTO `items`(`id`, `description`, `category_id`, `price_id`, `stock_id`) VALUES ('56000739','Sony Ericsson Xperia X8', '56', '56000739', '56000739');
INSERT INTO `price`(`id`, `price`) VALUES ('56000739','62');
INSERT INTO `stock`(`id`, `quantity`) VALUES ('56000739','88');
INSERT INTO `items`(`id`, `description`, `category_id`, `price_id`, `stock_id`) VALUES ('9000740','Sony Ericsson Xperia active', '9', '9000740', '9000740');
INSERT INTO `price`(`id`, `price`) VALUES ('9000740','25');
INSERT INTO `stock`(`id`, `quantity`) VALUES ('9000740','65');
INSERT INTO `items`(`id`, `description`, `category_id`, `price_id`, `stock_id`) VALUES ('56000740','Sony Ericsson Xperia active', '56', '56000740', '56000740');
INSERT INTO `price`(`id`, `price`) VALUES ('56000740','57');
INSERT INTO `stock`(`id`, `quantity`) VALUES ('56000740','62');
INSERT INTO `items`(`id`, `description`, `category_id`, `price_id`, `stock_id`) VALUES ('9000741','Sony Ericsson Xperia mini pro', '9', '9000741', '9000741');
INSERT INTO `price`(`id`, `price`) VALUES ('9000741','92');
INSERT INTO `stock`(`id`, `quantity`) VALUES ('9000741','2');
INSERT INTO `items`(`id`, `description`, `category_id`, `price_id`, `stock_id`) VALUES ('56000741','Sony Ericsson Xperia mini pro', '56', '56000741', '56000741');
INSERT INTO `price`(`id`, `price`) VALUES ('56000741','55');
INSERT INTO `stock`(`id`, `quantity`) VALUES ('56000741','64');
INSERT INTO `items`(`id`, `description`, `category_id`, `price_id`, `stock_id`) VALUES ('9000742','Sony Ericsson Z310', '9', '9000742', '9000742');
INSERT INTO `price`(`id`, `price`) VALUES ('9000742','10');
INSERT INTO `stock`(`id`, `quantity`) VALUES ('9000742','30');
INSERT INTO `items`(`id`, `description`, `category_id`, `price_id`, `stock_id`) VALUES ('56000742','Sony Ericsson Z310', '56', '56000742', '56000742');
INSERT INTO `price`(`id`, `price`) VALUES ('56000742','33');
INSERT INTO `stock`(`id`, `quantity`) VALUES ('56000742','45');
INSERT INTO `items`(`id`, `description`, `category_id`, `price_id`, `stock_id`) VALUES ('56000743','Sony Xperia P', '56', '56000743', '56000743');
INSERT INTO `price`(`id`, `price`) VALUES ('56000743','33');
INSERT INTO `stock`(`id`, `quantity`) VALUES ('56000743','51');
INSERT INTO `items`(`id`, `description`, `category_id`, `price_id`, `stock_id`) VALUES ('56000744','Sony Xperia T3', '56', '56000744', '56000744');
INSERT INTO `price`(`id`, `price`) VALUES ('56000744','19');
INSERT INTO `stock`(`id`, `quantity`) VALUES ('56000744','10');
INSERT INTO `items`(`id`, `description`, `category_id`, `price_id`, `stock_id`) VALUES ('56000745','Sony Xperia Tablet Z Wi-Fi', '56', '56000745', '56000745');
INSERT INTO `price`(`id`, `price`) VALUES ('56000745','75');
INSERT INTO `stock`(`id`, `quantity`) VALUES ('56000745','3');
INSERT INTO `items`(`id`, `description`, `category_id`, `price_id`, `stock_id`) VALUES ('56000746','Sony Xperia X Ultra', '56', '56000746', '56000746');
INSERT INTO `price`(`id`, `price`) VALUES ('56000746','32');
INSERT INTO `stock`(`id`, `quantity`) VALUES ('56000746','36');
INSERT INTO `items`(`id`, `description`, `category_id`, `price_id`, `stock_id`) VALUES ('56000747','Sony Xperia XZ Premium', '56', '56000747', '56000747');
INSERT INTO `price`(`id`, `price`) VALUES ('56000747','14');
INSERT INTO `stock`(`id`, `quantity`) VALUES ('56000747','56');
INSERT INTO `items`(`id`, `description`, `category_id`, `price_id`, `stock_id`) VALUES ('56000748','Sony Xperia Z Ultra', '56', '56000748', '56000748');
INSERT INTO `price`(`id`, `price`) VALUES ('56000748','15');
INSERT INTO `stock`(`id`, `quantity`) VALUES ('56000748','43');
INSERT INTO `items`(`id`, `description`, `category_id`, `price_id`, `stock_id`) VALUES ('56000749','Sony Xperia Z2 Tablet Wi-Fi', '56', '56000749', '56000749');
INSERT INTO `price`(`id`, `price`) VALUES ('56000749','79');
INSERT INTO `stock`(`id`, `quantity`) VALUES ('56000749','48');
INSERT INTO `items`(`id`, `description`, `category_id`, `price_id`, `stock_id`) VALUES ('56000750','Sony Xperia Z3+', '56', '56000750', '56000750');
INSERT INTO `price`(`id`, `price`) VALUES ('56000750','23');
INSERT INTO `stock`(`id`, `quantity`) VALUES ('56000750','74');
INSERT INTO `items`(`id`, `description`, `category_id`, `price_id`, `stock_id`) VALUES ('57000751','Spice M-4250', '57', '57000751', '57000751');
INSERT INTO `price`(`id`, `price`) VALUES ('57000751','80');
INSERT INTO `stock`(`id`, `quantity`) VALUES ('57000751','85');
INSERT INTO `items`(`id`, `description`, `category_id`, `price_id`, `stock_id`) VALUES ('57000752','Spice M-6363', '57', '57000752', '57000752');
INSERT INTO `price`(`id`, `price`) VALUES ('57000752','52');
INSERT INTO `stock`(`id`, `quantity`) VALUES ('57000752','40');
INSERT INTO `items`(`id`, `description`, `category_id`, `price_id`, `stock_id`) VALUES ('57000753','Spice Mi-285 Stellar', '57', '57000753', '57000753');
INSERT INTO `price`(`id`, `price`) VALUES ('57000753','42');
INSERT INTO `stock`(`id`, `quantity`) VALUES ('57000753','13');
INSERT INTO `items`(`id`, `description`, `category_id`, `price_id`, `stock_id`) VALUES ('57000754','Spice Mi-354 Smartflo Space', '57', '57000754', '57000754');
INSERT INTO `price`(`id`, `price`) VALUES ('57000754','36');
INSERT INTO `stock`(`id`, `quantity`) VALUES ('57000754','32');
INSERT INTO `items`(`id`, `description`, `category_id`, `price_id`, `stock_id`) VALUES ('57000755','Spice Mi-355 Stellar Craze', '57', '57000755', '57000755');
INSERT INTO `price`(`id`, `price`) VALUES ('57000755','61');
INSERT INTO `stock`(`id`, `quantity`) VALUES ('57000755','26');
INSERT INTO `items`(`id`, `description`, `category_id`, `price_id`, `stock_id`) VALUES ('57000756','Spice Mi-535 Stellar Pinnacle Pro', '57', '57000756', '57000756');
INSERT INTO `price`(`id`, `price`) VALUES ('57000756','18');
INSERT INTO `stock`(`id`, `quantity`) VALUES ('57000756','24');
INSERT INTO `items`(`id`, `description`, `category_id`, `price_id`, `stock_id`) VALUES ('57000757','Spice QT-50', '57', '57000757', '57000757');
INSERT INTO `price`(`id`, `price`) VALUES ('57000757','47');
INSERT INTO `stock`(`id`, `quantity`) VALUES ('57000757','1');
INSERT INTO `items`(`id`, `description`, `category_id`, `price_id`, `stock_id`) VALUES ('57000758','Spice S-1200', '57', '57000758', '57000758');
INSERT INTO `price`(`id`, `price`) VALUES ('57000758','31');
INSERT INTO `stock`(`id`, `quantity`) VALUES ('57000758','14');
INSERT INTO `items`(`id`, `description`, `category_id`, `price_id`, `stock_id`) VALUES ('57000759','Spice Stellar 439 (Mi-439)', '57', '57000759', '57000759');
INSERT INTO `price`(`id`, `price`) VALUES ('57000759','33');
INSERT INTO `stock`(`id`, `quantity`) VALUES ('57000759','84');
INSERT INTO `items`(`id`, `description`, `category_id`, `price_id`, `stock_id`) VALUES ('58000760','T-Mobile Arizona', '58', '58000760', '58000760');
INSERT INTO `price`(`id`, `price`) VALUES ('58000760','96');
INSERT INTO `stock`(`id`, `quantity`) VALUES ('58000760','35');
INSERT INTO `items`(`id`, `description`, `category_id`, `price_id`, `stock_id`) VALUES ('58000761','T-Mobile HD2', '58', '58000761', '58000761');
INSERT INTO `price`(`id`, `price`) VALUES ('58000761','26');
INSERT INTO `stock`(`id`, `quantity`) VALUES ('58000761','93');
INSERT INTO `items`(`id`, `description`, `category_id`, `price_id`, `stock_id`) VALUES ('58000762','T-Mobile Pulse', '58', '58000762', '58000762');
INSERT INTO `price`(`id`, `price`) VALUES ('58000762','10');
INSERT INTO `stock`(`id`, `quantity`) VALUES ('58000762','19');
INSERT INTO `items`(`id`, `description`, `category_id`, `price_id`, `stock_id`) VALUES ('58000763','T-Mobile SpringBoard', '58', '58000763', '58000763');
INSERT INTO `price`(`id`, `price`) VALUES ('58000763','75');
INSERT INTO `stock`(`id`, `quantity`) VALUES ('58000763','26');
INSERT INTO `items`(`id`, `description`, `category_id`, `price_id`, `stock_id`) VALUES ('58000764','T-Mobile myTouch 3G Slide', '58', '58000764', '58000764');
INSERT INTO `price`(`id`, `price`) VALUES ('58000764','47');
INSERT INTO `stock`(`id`, `quantity`) VALUES ('58000764','65');
INSERT INTO `items`(`id`, `description`, `category_id`, `price_id`, `stock_id`) VALUES ('58000765','T-Mobile myTouch Q 2', '58', '58000765', '58000765');
INSERT INTO `price`(`id`, `price`) VALUES ('58000765','18');
INSERT INTO `stock`(`id`, `quantity`) VALUES ('58000765','74');
INSERT INTO `items`(`id`, `description`, `category_id`, `price_id`, `stock_id`) VALUES ('59000766','TCL 20 SE', '59', '59000766', '59000766');
INSERT INTO `price`(`id`, `price`) VALUES ('59000766','77');
INSERT INTO `stock`(`id`, `quantity`) VALUES ('59000766','66');
INSERT INTO `items`(`id`, `description`, `category_id`, `price_id`, `stock_id`) VALUES ('60000767','Tecno Camon 11', '60', '60000767', '60000767');
INSERT INTO `price`(`id`, `price`) VALUES ('60000767','29');
INSERT INTO `stock`(`id`, `quantity`) VALUES ('60000767','72');
INSERT INTO `items`(`id`, `description`, `category_id`, `price_id`, `stock_id`) VALUES ('60000768','Tecno Camon 15', '60', '60000768', '60000768');
INSERT INTO `price`(`id`, `price`) VALUES ('60000768','71');
INSERT INTO `stock`(`id`, `quantity`) VALUES ('60000768','49');
INSERT INTO `items`(`id`, `description`, `category_id`, `price_id`, `stock_id`) VALUES ('60000769','Tecno Camon 16 Pro', '60', '60000769', '60000769');
INSERT INTO `price`(`id`, `price`) VALUES ('60000769','9');
INSERT INTO `stock`(`id`, `quantity`) VALUES ('60000769','9');
INSERT INTO `items`(`id`, `description`, `category_id`, `price_id`, `stock_id`) VALUES ('60000770','Tecno Pop 2 Plus', '60', '60000770', '60000770');
INSERT INTO `price`(`id`, `price`) VALUES ('60000770','48');
INSERT INTO `stock`(`id`, `quantity`) VALUES ('60000770','82');
INSERT INTO `items`(`id`, `description`, `category_id`, `price_id`, `stock_id`) VALUES ('60000771','Tecno Spark CM', '60', '60000771', '60000771');
INSERT INTO `price`(`id`, `price`) VALUES ('60000771','87');
INSERT INTO `stock`(`id`, `quantity`) VALUES ('60000771','40');
INSERT INTO `items`(`id`, `description`, `category_id`, `price_id`, `stock_id`) VALUES ('61000772','Telit SP600', '61', '61000772', '61000772');
INSERT INTO `price`(`id`, `price`) VALUES ('61000772','64');
INSERT INTO `stock`(`id`, `quantity`) VALUES ('61000772','31');
INSERT INTO `items`(`id`, `description`, `category_id`, `price_id`, `stock_id`) VALUES ('61000773','Telit t250', '61', '61000773', '61000773');
INSERT INTO `price`(`id`, `price`) VALUES ('61000773','1');
INSERT INTO `stock`(`id`, `quantity`) VALUES ('61000773','35');
INSERT INTO `items`(`id`, `description`, `category_id`, `price_id`, `stock_id`) VALUES ('62000774','Toshiba Excite Pure', '62', '62000774', '62000774');
INSERT INTO `price`(`id`, `price`) VALUES ('62000774','78');
INSERT INTO `stock`(`id`, `quantity`) VALUES ('62000774','92');
INSERT INTO `items`(`id`, `description`, `category_id`, `price_id`, `stock_id`) VALUES ('62000775','Toshiba TG01', '62', '62000775', '62000775');
INSERT INTO `price`(`id`, `price`) VALUES ('62000775','53');
INSERT INTO `stock`(`id`, `quantity`) VALUES ('62000775','3');
INSERT INTO `items`(`id`, `description`, `category_id`, `price_id`, `stock_id`) VALUES ('62000776','Toshiba TS705', '62', '62000776', '62000776');
INSERT INTO `price`(`id`, `price`) VALUES ('62000776','47');
INSERT INTO `stock`(`id`, `quantity`) VALUES ('62000776','65');
INSERT INTO `items`(`id`, `description`, `category_id`, `price_id`, `stock_id`) VALUES ('63000777','Ulefone Armor 10 5G', '63', '63000777', '63000777');
INSERT INTO `price`(`id`, `price`) VALUES ('63000777','63');
INSERT INTO `stock`(`id`, `quantity`) VALUES ('63000777','94');
INSERT INTO `items`(`id`, `description`, `category_id`, `price_id`, `stock_id`) VALUES ('64000778','Unnecto Blaze', '64', '64000778', '64000778');
INSERT INTO `price`(`id`, `price`) VALUES ('64000778','58');
INSERT INTO `stock`(`id`, `quantity`) VALUES ('64000778','65');
INSERT INTO `items`(`id`, `description`, `category_id`, `price_id`, `stock_id`) VALUES ('64000779','Unnecto Drift', '64', '64000779', '64000779');
INSERT INTO `price`(`id`, `price`) VALUES ('64000779','55');
INSERT INTO `stock`(`id`, `quantity`) VALUES ('64000779','96');
INSERT INTO `items`(`id`, `description`, `category_id`, `price_id`, `stock_id`) VALUES ('64000780','Unnecto Quattro V', '64', '64000780', '64000780');
INSERT INTO `price`(`id`, `price`) VALUES ('64000780','31');
INSERT INTO `stock`(`id`, `quantity`) VALUES ('64000780','9');
INSERT INTO `items`(`id`, `description`, `category_id`, `price_id`, `stock_id`) VALUES ('65000781','VK Mobile VK200', '65', '65000781', '65000781');
INSERT INTO `price`(`id`, `price`) VALUES ('65000781','57');
INSERT INTO `stock`(`id`, `quantity`) VALUES ('65000781','20');
INSERT INTO `items`(`id`, `description`, `category_id`, `price_id`, `stock_id`) VALUES ('65000782','VK Mobile VK2030', '65', '65000782', '65000782');
INSERT INTO `price`(`id`, `price`) VALUES ('65000782','76');
INSERT INTO `stock`(`id`, `quantity`) VALUES ('65000782','6');
INSERT INTO `items`(`id`, `description`, `category_id`, `price_id`, `stock_id`) VALUES ('65000783','VK Mobile VK2200', '65', '65000783', '65000783');
INSERT INTO `price`(`id`, `price`) VALUES ('65000783','13');
INSERT INTO `stock`(`id`, `quantity`) VALUES ('65000783','96');
INSERT INTO `items`(`id`, `description`, `category_id`, `price_id`, `stock_id`) VALUES ('65000784','VK Mobile VK3100', '65', '65000784', '65000784');
INSERT INTO `price`(`id`, `price`) VALUES ('65000784','34');
INSERT INTO `stock`(`id`, `quantity`) VALUES ('65000784','20');
INSERT INTO `items`(`id`, `description`, `category_id`, `price_id`, `stock_id`) VALUES ('66000785','Vertu Ascent Ti', '66', '66000785', '66000785');
INSERT INTO `price`(`id`, `price`) VALUES ('66000785','52');
INSERT INTO `stock`(`id`, `quantity`) VALUES ('66000785','38');
INSERT INTO `items`(`id`, `description`, `category_id`, `price_id`, `stock_id`) VALUES ('66000786','Vertu Ascent Ti Damascus Steel', '66', '66000786', '66000786');
INSERT INTO `price`(`id`, `price`) VALUES ('66000786','73');
INSERT INTO `stock`(`id`, `quantity`) VALUES ('66000786','7');
INSERT INTO `items`(`id`, `description`, `category_id`, `price_id`, `stock_id`) VALUES ('67000787','Vodafone 360 H2', '67', '67000787', '67000787');
INSERT INTO `price`(`id`, `price`) VALUES ('67000787','84');
INSERT INTO `stock`(`id`, `quantity`) VALUES ('67000787','58');
INSERT INTO `items`(`id`, `description`, `category_id`, `price_id`, `stock_id`) VALUES ('67000788','Vodafone 360 M1', '67', '67000788', '67000788');
INSERT INTO `price`(`id`, `price`) VALUES ('67000788','83');
INSERT INTO `stock`(`id`, `quantity`) VALUES ('67000788','59');
INSERT INTO `items`(`id`, `description`, `category_id`, `price_id`, `stock_id`) VALUES ('67000789','Vodafone 553', '67', '67000789', '67000789');
INSERT INTO `price`(`id`, `price`) VALUES ('67000789','59');
INSERT INTO `stock`(`id`, `quantity`) VALUES ('67000789','52');
INSERT INTO `items`(`id`, `description`, `category_id`, `price_id`, `stock_id`) VALUES ('67000790','Vodafone Smart 4 max', '67', '67000790', '67000790');
INSERT INTO `price`(`id`, `price`) VALUES ('67000790','29');
INSERT INTO `stock`(`id`, `quantity`) VALUES ('67000790','83');
INSERT INTO `items`(`id`, `description`, `category_id`, `price_id`, `stock_id`) VALUES ('67000791','Vodafone Smart first 7', '67', '67000791', '67000791');
INSERT INTO `price`(`id`, `price`) VALUES ('67000791','31');
INSERT INTO `stock`(`id`, `quantity`) VALUES ('67000791','89');
INSERT INTO `items`(`id`, `description`, `category_id`, `price_id`, `stock_id`) VALUES ('67000792','Vodafone Smart prime 7', '67', '67000792', '67000792');
INSERT INTO `price`(`id`, `price`) VALUES ('67000792','48');
INSERT INTO `stock`(`id`, `quantity`) VALUES ('67000792','75');
INSERT INTO `items`(`id`, `description`, `category_id`, `price_id`, `stock_id`) VALUES ('68000793','Wiko Harry', '68', '68000793', '68000793');
INSERT INTO `price`(`id`, `price`) VALUES ('68000793','61');
INSERT INTO `stock`(`id`, `quantity`) VALUES ('68000793','33');
INSERT INTO `items`(`id`, `description`, `category_id`, `price_id`, `stock_id`) VALUES ('68000794','Wiko Highway', '68', '68000794', '68000794');
INSERT INTO `price`(`id`, `price`) VALUES ('68000794','46');
INSERT INTO `stock`(`id`, `quantity`) VALUES ('68000794','52');
INSERT INTO `items`(`id`, `description`, `category_id`, `price_id`, `stock_id`) VALUES ('68000795','Wiko Jimmy', '68', '68000795', '68000795');
INSERT INTO `price`(`id`, `price`) VALUES ('68000795','4');
INSERT INTO `stock`(`id`, `quantity`) VALUES ('68000795','74');
INSERT INTO `items`(`id`, `description`, `category_id`, `price_id`, `stock_id`) VALUES ('68000796','Wiko Robby', '68', '68000796', '68000796');
INSERT INTO `price`(`id`, `price`) VALUES ('68000796','6');
INSERT INTO `stock`(`id`, `quantity`) VALUES ('68000796','14');
INSERT INTO `items`(`id`, `description`, `category_id`, `price_id`, `stock_id`) VALUES ('68000797','Wiko View2 Plus', '68', '68000797', '68000797');
INSERT INTO `price`(`id`, `price`) VALUES ('68000797','11');
INSERT INTO `stock`(`id`, `quantity`) VALUES ('68000797','22');
INSERT INTO `items`(`id`, `description`, `category_id`, `price_id`, `stock_id`) VALUES ('68000798','Wiko Y80', '68', '68000798', '68000798');
INSERT INTO `price`(`id`, `price`) VALUES ('68000798','29');
INSERT INTO `stock`(`id`, `quantity`) VALUES ('68000798','63');
INSERT INTO `items`(`id`, `description`, `category_id`, `price_id`, `stock_id`) VALUES ('69000799','XCute DV1', '69', '69000799', '69000799');
INSERT INTO `price`(`id`, `price`) VALUES ('69000799','12');
INSERT INTO `stock`(`id`, `quantity`) VALUES ('69000799','100');
INSERT INTO `items`(`id`, `description`, `category_id`, `price_id`, `stock_id`) VALUES ('70000800','XOLO Era 4K', '70', '70000800', '70000800');
INSERT INTO `price`(`id`, `price`) VALUES ('70000800','17');
INSERT INTO `stock`(`id`, `quantity`) VALUES ('70000800','76');
INSERT INTO `items`(`id`, `description`, `category_id`, `price_id`, `stock_id`) VALUES ('70000801','XOLO Q510s', '70', '70000801', '70000801');
INSERT INTO `price`(`id`, `price`) VALUES ('70000801','20');
INSERT INTO `stock`(`id`, `quantity`) VALUES ('70000801','16');
INSERT INTO `items`(`id`, `description`, `category_id`, `price_id`, `stock_id`) VALUES ('70000802','XOLO Q700s', '70', '70000802', '70000802');
INSERT INTO `price`(`id`, `price`) VALUES ('70000802','85');
INSERT INTO `stock`(`id`, `quantity`) VALUES ('70000802','49');
INSERT INTO `items`(`id`, `description`, `category_id`, `price_id`, `stock_id`) VALUES ('71000803','Xiaomi Mi 10T Lite 5G', '71', '71000803', '71000803');
INSERT INTO `price`(`id`, `price`) VALUES ('71000803','41');
INSERT INTO `stock`(`id`, `quantity`) VALUES ('71000803','43');
INSERT INTO `items`(`id`, `description`, `category_id`, `price_id`, `stock_id`) VALUES ('71000804','Xiaomi Mi 11', '71', '71000804', '71000804');
INSERT INTO `price`(`id`, `price`) VALUES ('71000804','72');
INSERT INTO `stock`(`id`, `quantity`) VALUES ('71000804','17');
INSERT INTO `items`(`id`, `description`, `category_id`, `price_id`, `stock_id`) VALUES ('71000805','Xiaomi Mi 11 Lite', '71', '71000805', '71000805');
INSERT INTO `price`(`id`, `price`) VALUES ('71000805','77');
INSERT INTO `stock`(`id`, `quantity`) VALUES ('71000805','5');
INSERT INTO `items`(`id`, `description`, `category_id`, `price_id`, `stock_id`) VALUES ('71000806','Xiaomi Mi 1S', '71', '71000806', '71000806');
INSERT INTO `price`(`id`, `price`) VALUES ('71000806','74');
INSERT INTO `stock`(`id`, `quantity`) VALUES ('71000806','76');
INSERT INTO `items`(`id`, `description`, `category_id`, `price_id`, `stock_id`) VALUES ('71000807','Xiaomi Mi 4i', '71', '71000807', '71000807');
INSERT INTO `price`(`id`, `price`) VALUES ('71000807','32');
INSERT INTO `stock`(`id`, `quantity`) VALUES ('71000807','9');
INSERT INTO `items`(`id`, `description`, `category_id`, `price_id`, `stock_id`) VALUES ('71000808','Xiaomi Mi 4s', '71', '71000808', '71000808');
INSERT INTO `price`(`id`, `price`) VALUES ('71000808','49');
INSERT INTO `stock`(`id`, `quantity`) VALUES ('71000808','65');
INSERT INTO `items`(`id`, `description`, `category_id`, `price_id`, `stock_id`) VALUES ('71000809','Xiaomi Mi 5s Plus', '71', '71000809', '71000809');
INSERT INTO `price`(`id`, `price`) VALUES ('71000809','49');
INSERT INTO `stock`(`id`, `quantity`) VALUES ('71000809','66');
INSERT INTO `items`(`id`, `description`, `category_id`, `price_id`, `stock_id`) VALUES ('71000810','Xiaomi Mi Note Plus', '71', '71000810', '71000810');
INSERT INTO `price`(`id`, `price`) VALUES ('71000810','88');
INSERT INTO `stock`(`id`, `quantity`) VALUES ('71000810','17');
INSERT INTO `items`(`id`, `description`, `category_id`, `price_id`, `stock_id`) VALUES ('71000811','Xiaomi Poco F2 Pro', '71', '71000811', '71000811');
INSERT INTO `price`(`id`, `price`) VALUES ('71000811','35');
INSERT INTO `stock`(`id`, `quantity`) VALUES ('71000811','41');
INSERT INTO `items`(`id`, `description`, `category_id`, `price_id`, `stock_id`) VALUES ('71000812','Xiaomi Redmi', '71', '71000812', '71000812');
INSERT INTO `price`(`id`, `price`) VALUES ('71000812','67');
INSERT INTO `stock`(`id`, `quantity`) VALUES ('71000812','13');
INSERT INTO `items`(`id`, `description`, `category_id`, `price_id`, `stock_id`) VALUES ('71000813','Xiaomi Redmi 5 Plus (Redmi Note 5)', '71', '71000813', '71000813');
INSERT INTO `price`(`id`, `price`) VALUES ('71000813','69');
INSERT INTO `stock`(`id`, `quantity`) VALUES ('71000813','49');
INSERT INTO `items`(`id`, `description`, `category_id`, `price_id`, `stock_id`) VALUES ('71000814','Xiaomi Redmi 6A', '71', '71000814', '71000814');
INSERT INTO `price`(`id`, `price`) VALUES ('71000814','62');
INSERT INTO `stock`(`id`, `quantity`) VALUES ('71000814','56');
INSERT INTO `items`(`id`, `description`, `category_id`, `price_id`, `stock_id`) VALUES ('71000815','Xiaomi Redmi 8A Dual', '71', '71000815', '71000815');
INSERT INTO `price`(`id`, `price`) VALUES ('71000815','100');
INSERT INTO `stock`(`id`, `quantity`) VALUES ('71000815','42');
INSERT INTO `items`(`id`, `description`, `category_id`, `price_id`, `stock_id`) VALUES ('71000816','Xiaomi Redmi 9 (India)', '71', '71000816', '71000816');
INSERT INTO `price`(`id`, `price`) VALUES ('71000816','43');
INSERT INTO `stock`(`id`, `quantity`) VALUES ('71000816','78');
INSERT INTO `items`(`id`, `description`, `category_id`, `price_id`, `stock_id`) VALUES ('71000817','Xiaomi Redmi K30 5G', '71', '71000817', '71000817');
INSERT INTO `price`(`id`, `price`) VALUES ('71000817','1');
INSERT INTO `stock`(`id`, `quantity`) VALUES ('71000817','97');
INSERT INTO `items`(`id`, `description`, `category_id`, `price_id`, `stock_id`) VALUES ('71000818','Xiaomi Redmi Note 4', '71', '71000818', '71000818');
INSERT INTO `price`(`id`, `price`) VALUES ('71000818','9');
INSERT INTO `stock`(`id`, `quantity`) VALUES ('71000818','19');
INSERT INTO `items`(`id`, `description`, `category_id`, `price_id`, `stock_id`) VALUES ('71000819','Xiaomi Redmi Note 9 Pro 5G', '71', '71000819', '71000819');
INSERT INTO `price`(`id`, `price`) VALUES ('71000819','59');
INSERT INTO `stock`(`id`, `quantity`) VALUES ('71000819','65');
INSERT INTO `items`(`id`, `description`, `category_id`, `price_id`, `stock_id`) VALUES ('72000820','YU Ace', '72', '72000820', '72000820');
INSERT INTO `price`(`id`, `price`) VALUES ('72000820','84');
INSERT INTO `stock`(`id`, `quantity`) VALUES ('72000820','70');
INSERT INTO `items`(`id`, `description`, `category_id`, `price_id`, `stock_id`) VALUES ('72000821','YU Yunique', '72', '72000821', '72000821');
INSERT INTO `price`(`id`, `price`) VALUES ('72000821','46');
INSERT INTO `stock`(`id`, `quantity`) VALUES ('72000821','88');
INSERT INTO `items`(`id`, `description`, `category_id`, `price_id`, `stock_id`) VALUES ('73000822','Yezz Andy 3.5EH', '73', '73000822', '73000822');
INSERT INTO `price`(`id`, `price`) VALUES ('73000822','55');
INSERT INTO `stock`(`id`, `quantity`) VALUES ('73000822','80');
INSERT INTO `items`(`id`, `description`, `category_id`, `price_id`, `stock_id`) VALUES ('73000823','Yezz Andy 3G 3.5 YZ1110', '73', '73000823', '73000823');
INSERT INTO `price`(`id`, `price`) VALUES ('73000823','40');
INSERT INTO `stock`(`id`, `quantity`) VALUES ('73000823','83');
INSERT INTO `items`(`id`, `description`, `category_id`, `price_id`, `stock_id`) VALUES ('73000824','Yezz Andy A5', '73', '73000824', '73000824');
INSERT INTO `price`(`id`, `price`) VALUES ('73000824','71');
INSERT INTO `stock`(`id`, `quantity`) VALUES ('73000824','93');
INSERT INTO `items`(`id`, `description`, `category_id`, `price_id`, `stock_id`) VALUES ('73000825','Yezz Andy C5V', '73', '73000825', '73000825');
INSERT INTO `price`(`id`, `price`) VALUES ('73000825','31');
INSERT INTO `stock`(`id`, `quantity`) VALUES ('73000825','2');
INSERT INTO `items`(`id`, `description`, `category_id`, `price_id`, `stock_id`) VALUES ('73000826','Yezz Art 1 Pro', '73', '73000826', '73000826');
INSERT INTO `price`(`id`, `price`) VALUES ('73000826','19');
INSERT INTO `stock`(`id`, `quantity`) VALUES ('73000826','85');
INSERT INTO `items`(`id`, `description`, `category_id`, `price_id`, `stock_id`) VALUES ('73000827','Yezz CC40', '73', '73000827', '73000827');
INSERT INTO `price`(`id`, `price`) VALUES ('73000827','80');
INSERT INTO `stock`(`id`, `quantity`) VALUES ('73000827','31');
INSERT INTO `items`(`id`, `description`, `category_id`, `price_id`, `stock_id`) VALUES ('73000828','Yezz Ritmo YZ400', '73', '73000828', '73000828');
INSERT INTO `price`(`id`, `price`) VALUES ('73000828','14');
INSERT INTO `stock`(`id`, `quantity`) VALUES ('73000828','68');
INSERT INTO `items`(`id`, `description`, `category_id`, `price_id`, `stock_id`) VALUES ('74000829','Yota YotaPhone 2', '74', '74000829', '74000829');
INSERT INTO `price`(`id`, `price`) VALUES ('74000829','74');
INSERT INTO `stock`(`id`, `quantity`) VALUES ('74000829','32');
INSERT INTO `items`(`id`, `description`, `category_id`, `price_id`, `stock_id`) VALUES ('75000830','ZTE A261', '75', '75000830', '75000830');
INSERT INTO `price`(`id`, `price`) VALUES ('75000830','48');
INSERT INTO `stock`(`id`, `quantity`) VALUES ('75000830','95');
INSERT INTO `items`(`id`, `description`, `category_id`, `price_id`, `stock_id`) VALUES ('75000831','ZTE Axon 7 Max', '75', '75000831', '75000831');
INSERT INTO `price`(`id`, `price`) VALUES ('75000831','51');
INSERT INTO `stock`(`id`, `quantity`) VALUES ('75000831','79');
INSERT INTO `items`(`id`, `description`, `category_id`, `price_id`, `stock_id`) VALUES ('75000832','ZTE Axon 7s', '75', '75000832', '75000832');
INSERT INTO `price`(`id`, `price`) VALUES ('75000832','90');
INSERT INTO `stock`(`id`, `quantity`) VALUES ('75000832','69');
INSERT INTO `items`(`id`, `description`, `category_id`, `price_id`, `stock_id`) VALUES ('75000833','ZTE Axon 9 Pro', '75', '75000833', '75000833');
INSERT INTO `price`(`id`, `price`) VALUES ('75000833','53');
INSERT INTO `stock`(`id`, `quantity`) VALUES ('75000833','5');
INSERT INTO `items`(`id`, `description`, `category_id`, `price_id`, `stock_id`) VALUES ('75000834','ZTE Blade 20 Pro 5G', '75', '75000834', '75000834');
INSERT INTO `price`(`id`, `price`) VALUES ('75000834','12');
INSERT INTO `stock`(`id`, `quantity`) VALUES ('75000834','47');
INSERT INTO `items`(`id`, `description`, `category_id`, `price_id`, `stock_id`) VALUES ('75000835','ZTE Blade A2 Plus', '75', '75000835', '75000835');
INSERT INTO `price`(`id`, `price`) VALUES ('75000835','18');
INSERT INTO `stock`(`id`, `quantity`) VALUES ('75000835','94');
INSERT INTO `items`(`id`, `description`, `category_id`, `price_id`, `stock_id`) VALUES ('75000836','ZTE Blade L110 (A110)', '75', '75000836', '75000836');
INSERT INTO `price`(`id`, `price`) VALUES ('75000836','89');
INSERT INTO `stock`(`id`, `quantity`) VALUES ('75000836','97');
INSERT INTO `items`(`id`, `description`, `category_id`, `price_id`, `stock_id`) VALUES ('75000837','ZTE Blade Q', '75', '75000837', '75000837');
INSERT INTO `price`(`id`, `price`) VALUES ('75000837','89');
INSERT INTO `stock`(`id`, `quantity`) VALUES ('75000837','81');
INSERT INTO `items`(`id`, `description`, `category_id`, `price_id`, `stock_id`) VALUES ('75000838','ZTE Blade S6', '75', '75000838', '75000838');
INSERT INTO `price`(`id`, `price`) VALUES ('75000838','16');
INSERT INTO `stock`(`id`, `quantity`) VALUES ('75000838','73');
INSERT INTO `items`(`id`, `description`, `category_id`, `price_id`, `stock_id`) VALUES ('75000839','ZTE Blade V', '75', '75000839', '75000839');
INSERT INTO `price`(`id`, `price`) VALUES ('75000839','80');
INSERT INTO `stock`(`id`, `quantity`) VALUES ('75000839','80');
INSERT INTO `items`(`id`, `description`, `category_id`, `price_id`, `stock_id`) VALUES ('75000840','ZTE Blade Vec 3G', '75', '75000840', '75000840');
INSERT INTO `price`(`id`, `price`) VALUES ('75000840','32');
INSERT INTO `stock`(`id`, `quantity`) VALUES ('75000840','30');
INSERT INTO `items`(`id`, `description`, `category_id`, `price_id`, `stock_id`) VALUES ('75000841','ZTE Chorus', '75', '75000841', '75000841');
INSERT INTO `price`(`id`, `price`) VALUES ('75000841','34');
INSERT INTO `stock`(`id`, `quantity`) VALUES ('75000841','48');
INSERT INTO `items`(`id`, `description`, `category_id`, `price_id`, `stock_id`) VALUES ('75000842','ZTE E N72', '75', '75000842', '75000842');
INSERT INTO `price`(`id`, `price`) VALUES ('75000842','92');
INSERT INTO `stock`(`id`, `quantity`) VALUES ('75000842','32');
INSERT INTO `items`(`id`, `description`, `category_id`, `price_id`, `stock_id`) VALUES ('75000843','ZTE F951', '75', '75000843', '75000843');
INSERT INTO `price`(`id`, `price`) VALUES ('75000843','61');
INSERT INTO `stock`(`id`, `quantity`) VALUES ('75000843','24');
INSERT INTO `items`(`id`, `description`, `category_id`, `price_id`, `stock_id`) VALUES ('75000844','ZTE Maven 2', '75', '75000844', '75000844');
INSERT INTO `price`(`id`, `price`) VALUES ('75000844','34');
INSERT INTO `stock`(`id`, `quantity`) VALUES ('75000844','38');
INSERT INTO `items`(`id`, `description`, `category_id`, `price_id`, `stock_id`) VALUES ('75000845','ZTE R230', '75', '75000845', '75000845');
INSERT INTO `price`(`id`, `price`) VALUES ('75000845','30');
INSERT INTO `stock`(`id`, `quantity`) VALUES ('75000845','16');
INSERT INTO `items`(`id`, `description`, `category_id`, `price_id`, `stock_id`) VALUES ('75000846','ZTE Redbull V5 V9180', '75', '75000846', '75000846');
INSERT INTO `price`(`id`, `price`) VALUES ('75000846','66');
INSERT INTO `stock`(`id`, `quantity`) VALUES ('75000846','48');
INSERT INTO `items`(`id`, `description`, `category_id`, `price_id`, `stock_id`) VALUES ('75000847','ZTE Speed', '75', '75000847', '75000847');
INSERT INTO `price`(`id`, `price`) VALUES ('75000847','76');
INSERT INTO `stock`(`id`, `quantity`) VALUES ('75000847','70');
INSERT INTO `items`(`id`, `description`, `category_id`, `price_id`, `stock_id`) VALUES ('75000848','ZTE V81', '75', '75000848', '75000848');
INSERT INTO `price`(`id`, `price`) VALUES ('75000848','26');
INSERT INTO `stock`(`id`, `quantity`) VALUES ('75000848','43');
INSERT INTO `items`(`id`, `description`, `category_id`, `price_id`, `stock_id`) VALUES ('75000849','ZTE V96', '75', '75000849', '75000849');
INSERT INTO `price`(`id`, `price`) VALUES ('75000849','67');
INSERT INTO `stock`(`id`, `quantity`) VALUES ('75000849','96');
INSERT INTO `items`(`id`, `description`, `category_id`, `price_id`, `stock_id`) VALUES ('75000850','ZTE nubia M2', '75', '75000850', '75000850');
INSERT INTO `price`(`id`, `price`) VALUES ('75000850','14');
INSERT INTO `stock`(`id`, `quantity`) VALUES ('75000850','54');
INSERT INTO `items`(`id`, `description`, `category_id`, `price_id`, `stock_id`) VALUES ('75000851','ZTE nubia M2 lite', '75', '75000851', '75000851');
INSERT INTO `price`(`id`, `price`) VALUES ('75000851','62');
INSERT INTO `stock`(`id`, `quantity`) VALUES ('75000851','4');
INSERT INTO `items`(`id`, `description`, `category_id`, `price_id`, `stock_id`) VALUES ('75000852','ZTE nubia N1', '75', '75000852', '75000852');
INSERT INTO `price`(`id`, `price`) VALUES ('75000852','66');
INSERT INTO `stock`(`id`, `quantity`) VALUES ('75000852','57');
INSERT INTO `items`(`id`, `description`, `category_id`, `price_id`, `stock_id`) VALUES ('75000853','ZTE nubia Z11', '75', '75000853', '75000853');
INSERT INTO `price`(`id`, `price`) VALUES ('75000853','72');
INSERT INTO `stock`(`id`, `quantity`) VALUES ('75000853','13');
INSERT INTO `items`(`id`, `description`, `category_id`, `price_id`, `stock_id`) VALUES ('75000854','ZTE nubia Z17 mini', '75', '75000854', '75000854');
INSERT INTO `price`(`id`, `price`) VALUES ('75000854','65');
INSERT INTO `stock`(`id`, `quantity`) VALUES ('75000854','85');
INSERT INTO `items`(`id`, `description`, `category_id`, `price_id`, `stock_id`) VALUES ('75000855','ZTE nubia Z5S mini NX403A', '75', '75000855', '75000855');
INSERT INTO `price`(`id`, `price`) VALUES ('75000855','61');
INSERT INTO `stock`(`id`, `quantity`) VALUES ('75000855','33');
INSERT INTO `items`(`id`, `description`, `category_id`, `price_id`, `stock_id`) VALUES ('76000856','alcatel 1', '76', '76000856', '76000856');
INSERT INTO `price`(`id`, `price`) VALUES ('76000856','91');
INSERT INTO `stock`(`id`, `quantity`) VALUES ('76000856','42');
INSERT INTO `items`(`id`, `description`, `category_id`, `price_id`, `stock_id`) VALUES ('76000857','alcatel 2000', '76', '76000857', '76000857');
INSERT INTO `price`(`id`, `price`) VALUES ('76000857','86');
INSERT INTO `stock`(`id`, `quantity`) VALUES ('76000857','78');
INSERT INTO `items`(`id`, `description`, `category_id`, `price_id`, `stock_id`) VALUES ('76000858','alcatel 3L (2020)', '76', '76000858', '76000858');
INSERT INTO `price`(`id`, `price`) VALUES ('76000858','4');
INSERT INTO `stock`(`id`, `quantity`) VALUES ('76000858','72');
INSERT INTO `items`(`id`, `description`, `category_id`, `price_id`, `stock_id`) VALUES ('76000859','alcatel 3X (2020)', '76', '76000859', '76000859');
INSERT INTO `price`(`id`, `price`) VALUES ('76000859','98');
INSERT INTO `stock`(`id`, `quantity`) VALUES ('76000859','76');
INSERT INTO `items`(`id`, `description`, `category_id`, `price_id`, `stock_id`) VALUES ('76000860','alcatel Flash Plus 2', '76', '76000860', '76000860');
INSERT INTO `price`(`id`, `price`) VALUES ('76000860','1');
INSERT INTO `stock`(`id`, `quantity`) VALUES ('76000860','65');
INSERT INTO `items`(`id`, `description`, `category_id`, `price_id`, `stock_id`) VALUES ('76000861','alcatel Idol 2', '76', '76000861', '76000861');
INSERT INTO `price`(`id`, `price`) VALUES ('76000861','28');
INSERT INTO `stock`(`id`, `quantity`) VALUES ('76000861','35');
INSERT INTO `items`(`id`, `description`, `category_id`, `price_id`, `stock_id`) VALUES ('76000862','alcatel Idol Alpha', '76', '76000862', '76000862');
INSERT INTO `price`(`id`, `price`) VALUES ('76000862','79');
INSERT INTO `stock`(`id`, `quantity`) VALUES ('76000862','30');
INSERT INTO `items`(`id`, `description`, `category_id`, `price_id`, `stock_id`) VALUES ('76000863','alcatel Idol S', '76', '76000863', '76000863');
INSERT INTO `price`(`id`, `price`) VALUES ('76000863','77');
INSERT INTO `stock`(`id`, `quantity`) VALUES ('76000863','8');
INSERT INTO `items`(`id`, `description`, `category_id`, `price_id`, `stock_id`) VALUES ('76000864','alcatel OT 526', '76', '76000864', '76000864');
INSERT INTO `price`(`id`, `price`) VALUES ('76000864','68');
INSERT INTO `stock`(`id`, `quantity`) VALUES ('76000864','42');
INSERT INTO `items`(`id`, `description`, `category_id`, `price_id`, `stock_id`) VALUES ('76000865','alcatel OT Club', '76', '76000865', '76000865');
INSERT INTO `price`(`id`, `price`) VALUES ('76000865','56');
INSERT INTO `stock`(`id`, `quantity`) VALUES ('76000865','39');
INSERT INTO `items`(`id`, `description`, `category_id`, `price_id`, `stock_id`) VALUES ('76000866','alcatel OT-206', '76', '76000866', '76000866');
INSERT INTO `price`(`id`, `price`) VALUES ('76000866','29');
INSERT INTO `stock`(`id`, `quantity`) VALUES ('76000866','47');
INSERT INTO `items`(`id`, `description`, `category_id`, `price_id`, `stock_id`) VALUES ('76000867','alcatel OT-303', '76', '76000867', '76000867');
INSERT INTO `price`(`id`, `price`) VALUES ('76000867','15');
INSERT INTO `stock`(`id`, `quantity`) VALUES ('76000867','18');
INSERT INTO `items`(`id`, `description`, `category_id`, `price_id`, `stock_id`) VALUES ('76000868','alcatel OT-385', '76', '76000868', '76000868');
INSERT INTO `price`(`id`, `price`) VALUES ('76000868','16');
INSERT INTO `stock`(`id`, `quantity`) VALUES ('76000868','1');
INSERT INTO `items`(`id`, `description`, `category_id`, `price_id`, `stock_id`) VALUES ('76000869','alcatel OT-508A', '76', '76000869', '76000869');
INSERT INTO `price`(`id`, `price`) VALUES ('76000869','51');
INSERT INTO `stock`(`id`, `quantity`) VALUES ('76000869','50');
INSERT INTO `items`(`id`, `description`, `category_id`, `price_id`, `stock_id`) VALUES ('76000870','alcatel OT-660', '76', '76000870', '76000870');
INSERT INTO `price`(`id`, `price`) VALUES ('76000870','75');
INSERT INTO `stock`(`id`, `quantity`) VALUES ('76000870','97');
INSERT INTO `items`(`id`, `description`, `category_id`, `price_id`, `stock_id`) VALUES ('76000871','alcatel OT-891 Soul', '76', '76000871', '76000871');
INSERT INTO `price`(`id`, `price`) VALUES ('76000871','52');
INSERT INTO `stock`(`id`, `quantity`) VALUES ('76000871','83');
INSERT INTO `items`(`id`, `description`, `category_id`, `price_id`, `stock_id`) VALUES ('76000872','alcatel OT-E101', '76', '76000872', '76000872');
INSERT INTO `price`(`id`, `price`) VALUES ('76000872','20');
INSERT INTO `stock`(`id`, `quantity`) VALUES ('76000872','1');
INSERT INTO `items`(`id`, `description`, `category_id`, `price_id`, `stock_id`) VALUES ('76000873','alcatel OT-E157', '76', '76000873', '76000873');
INSERT INTO `price`(`id`, `price`) VALUES ('76000873','9');
INSERT INTO `stock`(`id`, `quantity`) VALUES ('76000873','34');
INSERT INTO `items`(`id`, `description`, `category_id`, `price_id`, `stock_id`) VALUES ('76000874','alcatel OT-E221', '76', '76000874', '76000874');
INSERT INTO `price`(`id`, `price`) VALUES ('76000874','49');
INSERT INTO `stock`(`id`, `quantity`) VALUES ('76000874','63');
INSERT INTO `items`(`id`, `description`, `category_id`, `price_id`, `stock_id`) VALUES ('76000875','alcatel OT-E801', '76', '76000875', '76000875');
INSERT INTO `price`(`id`, `price`) VALUES ('76000875','30');
INSERT INTO `stock`(`id`, `quantity`) VALUES ('76000875','65');
INSERT INTO `items`(`id`, `description`, `category_id`, `price_id`, `stock_id`) VALUES ('76000876','alcatel OT-E805', '76', '76000876', '76000876');
INSERT INTO `price`(`id`, `price`) VALUES ('76000876','8');
INSERT INTO `stock`(`id`, `quantity`) VALUES ('76000876','86');
INSERT INTO `items`(`id`, `description`, `category_id`, `price_id`, `stock_id`) VALUES ('76000877','alcatel OT-S121', '76', '76000877', '76000877');
INSERT INTO `price`(`id`, `price`) VALUES ('76000877','5');
INSERT INTO `stock`(`id`, `quantity`) VALUES ('76000877','18');
INSERT INTO `items`(`id`, `description`, `category_id`, `price_id`, `stock_id`) VALUES ('76000878','alcatel OT-S850', '76', '76000878', '76000878');
INSERT INTO `price`(`id`, `price`) VALUES ('76000878','45');
INSERT INTO `stock`(`id`, `quantity`) VALUES ('76000878','24');
INSERT INTO `items`(`id`, `description`, `category_id`, `price_id`, `stock_id`) VALUES ('76000879','alcatel One Touch Pixi', '76', '76000879', '76000879');
INSERT INTO `price`(`id`, `price`) VALUES ('76000879','36');
INSERT INTO `stock`(`id`, `quantity`) VALUES ('76000879','74');
INSERT INTO `items`(`id`, `description`, `category_id`, `price_id`, `stock_id`) VALUES ('76000880','alcatel One Touch Scribe HD-LTE', '76', '76000880', '76000880');
INSERT INTO `price`(`id`, `price`) VALUES ('76000880','69');
INSERT INTO `stock`(`id`, `quantity`) VALUES ('76000880','73');
INSERT INTO `items`(`id`, `description`, `category_id`, `price_id`, `stock_id`) VALUES ('76000881','alcatel One Touch Snap LTE', '76', '76000881', '76000881');
INSERT INTO `price`(`id`, `price`) VALUES ('76000881','59');
INSERT INTO `stock`(`id`, `quantity`) VALUES ('76000881','28');
INSERT INTO `items`(`id`, `description`, `category_id`, `price_id`, `stock_id`) VALUES ('76000882','alcatel Pop 3 (5)', '76', '76000882', '76000882');
INSERT INTO `price`(`id`, `price`) VALUES ('76000882','22');
INSERT INTO `stock`(`id`, `quantity`) VALUES ('76000882','45');
INSERT INTO `items`(`id`, `description`, `category_id`, `price_id`, `stock_id`) VALUES ('76000883','alcatel Pop 4', '76', '76000883', '76000883');
INSERT INTO `price`(`id`, `price`) VALUES ('76000883','21');
INSERT INTO `stock`(`id`, `quantity`) VALUES ('76000883','63');
INSERT INTO `items`(`id`, `description`, `category_id`, `price_id`, `stock_id`) VALUES ('76000884','alcatel Pop 7 LTE', '76', '76000884', '76000884');
INSERT INTO `price`(`id`, `price`) VALUES ('76000884','10');
INSERT INTO `stock`(`id`, `quantity`) VALUES ('76000884','89');
INSERT INTO `items`(`id`, `description`, `category_id`, `price_id`, `stock_id`) VALUES ('76000885','alcatel Pop S9', '76', '76000885', '76000885');
INSERT INTO `price`(`id`, `price`) VALUES ('76000885','37');
INSERT INTO `stock`(`id`, `quantity`) VALUES ('76000885','14');
INSERT INTO `items`(`id`, `description`, `category_id`, `price_id`, `stock_id`) VALUES ('77000886','i-mate JASJAM', '77', '77000886', '77000886');
INSERT INTO `price`(`id`, `price`) VALUES ('77000886','94');
INSERT INTO `stock`(`id`, `quantity`) VALUES ('77000886','76');
INSERT INTO `items`(`id`, `description`, `category_id`, `price_id`, `stock_id`) VALUES ('77000887','i-mate JASJAR', '77', '77000887', '77000887');
INSERT INTO `price`(`id`, `price`) VALUES ('77000887','70');
INSERT INTO `stock`(`id`, `quantity`) VALUES ('77000887','47');
INSERT INTO `items`(`id`, `description`, `category_id`, `price_id`, `stock_id`) VALUES ('77000888','i-mate SP3', '77', '77000888', '77000888');
INSERT INTO `price`(`id`, `price`) VALUES ('77000888','3');
INSERT INTO `stock`(`id`, `quantity`) VALUES ('77000888','10');
INSERT INTO `items`(`id`, `description`, `category_id`, `price_id`, `stock_id`) VALUES ('77000889','i-mate SP5', '77', '77000889', '77000889');
INSERT INTO `price`(`id`, `price`) VALUES ('77000889','48');
INSERT INTO `stock`(`id`, `quantity`) VALUES ('77000889','44');
INSERT INTO `items`(`id`, `description`, `category_id`, `price_id`, `stock_id`) VALUES ('77000890','i-mate SPL', '77', '77000890', '77000890');
INSERT INTO `price`(`id`, `price`) VALUES ('77000890','87');
INSERT INTO `stock`(`id`, `quantity`) VALUES ('77000890','46');
INSERT INTO `items`(`id`, `description`, `category_id`, `price_id`, `stock_id`) VALUES ('78000891','i-mobile 202', '78', '78000891', '78000891');
INSERT INTO `price`(`id`, `price`) VALUES ('78000891','72');
INSERT INTO `stock`(`id`, `quantity`) VALUES ('78000891','66');
INSERT INTO `items`(`id`, `description`, `category_id`, `price_id`, `stock_id`) VALUES ('78000892','i-mobile 319', '78', '78000892', '78000892');
INSERT INTO `price`(`id`, `price`) VALUES ('78000892','14');
INSERT INTO `stock`(`id`, `quantity`) VALUES ('78000892','72');
INSERT INTO `items`(`id`, `description`, `category_id`, `price_id`, `stock_id`) VALUES ('78000893','i-mobile 902', '78', '78000893', '78000893');
INSERT INTO `price`(`id`, `price`) VALUES ('78000893','20');
INSERT INTO `stock`(`id`, `quantity`) VALUES ('78000893','14');
INSERT INTO `items`(`id`, `description`, `category_id`, `price_id`, `stock_id`) VALUES ('78000894','i-mobile TV 523', '78', '78000894', '78000894');
INSERT INTO `price`(`id`, `price`) VALUES ('78000894','43');
INSERT INTO `stock`(`id`, `quantity`) VALUES ('78000894','18');
INSERT INTO `items`(`id`, `description`, `category_id`, `price_id`, `stock_id`) VALUES ('78000895','i-mobile TV 530', '78', '78000895', '78000895');
INSERT INTO `price`(`id`, `price`) VALUES ('78000895','14');
INSERT INTO `stock`(`id`, `quantity`) VALUES ('78000895','21');
INSERT INTO `items`(`id`, `description`, `category_id`, `price_id`, `stock_id`) VALUES ('78000896','i-mobile TV 533', '78', '78000896', '78000896');
INSERT INTO `price`(`id`, `price`) VALUES ('78000896','22');
INSERT INTO `stock`(`id`, `quantity`) VALUES ('78000896','53');
INSERT INTO `items`(`id`, `description`, `category_id`, `price_id`, `stock_id`) VALUES ('78000897','i-mobile TV 628', '78', '78000897', '78000897');
INSERT INTO `price`(`id`, `price`) VALUES ('78000897','85');
INSERT INTO `stock`(`id`, `quantity`) VALUES ('78000897','11');
INSERT INTO `items`(`id`, `description`, `category_id`, `price_id`, `stock_id`) VALUES ('79000898','verykool CD611', '79', '79000898', '79000898');
INSERT INTO `price`(`id`, `price`) VALUES ('79000898','1');
INSERT INTO `stock`(`id`, `quantity`) VALUES ('79000898','26');
INSERT INTO `items`(`id`, `description`, `category_id`, `price_id`, `stock_id`) VALUES ('79000899','verykool R80', '79', '79000899', '79000899');
INSERT INTO `price`(`id`, `price`) VALUES ('79000899','8');
INSERT INTO `stock`(`id`, `quantity`) VALUES ('79000899','62');
INSERT INTO `items`(`id`, `description`, `category_id`, `price_id`, `stock_id`) VALUES ('79000900','verykool SL5000 Quantum', '79', '79000900', '79000900');
INSERT INTO `price`(`id`, `price`) VALUES ('79000900','44');
INSERT INTO `stock`(`id`, `quantity`) VALUES ('79000900','45');
INSERT INTO `items`(`id`, `description`, `category_id`, `price_id`, `stock_id`) VALUES ('79000901','verykool T7440 Kolorpad II', '79', '79000901', '79000901');
INSERT INTO `price`(`id`, `price`) VALUES ('79000901','90');
INSERT INTO `stock`(`id`, `quantity`) VALUES ('79000901','19');
INSERT INTO `items`(`id`, `description`, `category_id`, `price_id`, `stock_id`) VALUES ('79000902','verykool i117', '79', '79000902', '79000902');
INSERT INTO `price`(`id`, `price`) VALUES ('79000902','97');
INSERT INTO `stock`(`id`, `quantity`) VALUES ('79000902','24');
INSERT INTO `items`(`id`, `description`, `category_id`, `price_id`, `stock_id`) VALUES ('79000903','verykool i121C', '79', '79000903', '79000903');
INSERT INTO `price`(`id`, `price`) VALUES ('79000903','7');
INSERT INTO `stock`(`id`, `quantity`) VALUES ('79000903','13');
INSERT INTO `items`(`id`, `description`, `category_id`, `price_id`, `stock_id`) VALUES ('79000904','verykool i600', '79', '79000904', '79000904');
INSERT INTO `price`(`id`, `price`) VALUES ('79000904','53');
INSERT INTO `stock`(`id`, `quantity`) VALUES ('79000904','68');
INSERT INTO `items`(`id`, `description`, `category_id`, `price_id`, `stock_id`) VALUES ('79000905','verykool s4009 Crystal', '79', '79000905', '79000905');
INSERT INTO `price`(`id`, `price`) VALUES ('79000905','14');
INSERT INTO `stock`(`id`, `quantity`) VALUES ('79000905','67');
INSERT INTO `items`(`id`, `description`, `category_id`, `price_id`, `stock_id`) VALUES ('79000906','verykool s5029 Bolt Pro', '79', '79000906', '79000906');
INSERT INTO `price`(`id`, `price`) VALUES ('79000906','52');
INSERT INTO `stock`(`id`, `quantity`) VALUES ('79000906','4');
INSERT INTO `items`(`id`, `description`, `category_id`, `price_id`, `stock_id`) VALUES ('79000907','verykool s5510 Juno', '79', '79000907', '79000907');
INSERT INTO `price`(`id`, `price`) VALUES ('79000907','87');
INSERT INTO `stock`(`id`, `quantity`) VALUES ('79000907','50');
INSERT INTO `items`(`id`, `description`, `category_id`, `price_id`, `stock_id`) VALUES ('79000908','verykool s6001 Cyprus', '79', '79000908', '79000908');
INSERT INTO `price`(`id`, `price`) VALUES ('79000908','31');
INSERT INTO `stock`(`id`, `quantity`) VALUES ('79000908','94');
INSERT INTO `items`(`id`, `description`, `category_id`, `price_id`, `stock_id`) VALUES ('79000909','verykool s635', '79', '79000909', '79000909');
INSERT INTO `price`(`id`, `price`) VALUES ('79000909','61');
INSERT INTO `stock`(`id`, `quantity`) VALUES ('79000909','45');
INSERT INTO `items`(`id`, `description`, `category_id`, `price_id`, `stock_id`) VALUES ('79000910','verykool s728', '79', '79000910', '79000910');
INSERT INTO `price`(`id`, `price`) VALUES ('79000910','34');
INSERT INTO `stock`(`id`, `quantity`) VALUES ('79000910','72');
INSERT INTO `items`(`id`, `description`, `category_id`, `price_id`, `stock_id`) VALUES ('80000911','vivo V17', '80', '80000911', '80000911');
INSERT INTO `price`(`id`, `price`) VALUES ('80000911','93');
INSERT INTO `stock`(`id`, `quantity`) VALUES ('80000911','74');
INSERT INTO `items`(`id`, `description`, `category_id`, `price_id`, `stock_id`) VALUES ('80000912','vivo V19', '80', '80000912', '80000912');
INSERT INTO `price`(`id`, `price`) VALUES ('80000912','100');
INSERT INTO `stock`(`id`, `quantity`) VALUES ('80000912','80');
INSERT INTO `items`(`id`, `description`, `category_id`, `price_id`, `stock_id`) VALUES ('80000913','vivo V5s', '80', '80000913', '80000913');
INSERT INTO `price`(`id`, `price`) VALUES ('80000913','68');
INSERT INTO `stock`(`id`, `quantity`) VALUES ('80000913','52');
INSERT INTO `items`(`id`, `description`, `category_id`, `price_id`, `stock_id`) VALUES ('80000914','vivo V7', '80', '80000914', '80000914');
INSERT INTO `price`(`id`, `price`) VALUES ('80000914','29');
INSERT INTO `stock`(`id`, `quantity`) VALUES ('80000914','99');
INSERT INTO `items`(`id`, `description`, `category_id`, `price_id`, `stock_id`) VALUES ('80000915','vivo V9 Youth', '80', '80000915', '80000915');
INSERT INTO `price`(`id`, `price`) VALUES ('80000915','76');
INSERT INTO `stock`(`id`, `quantity`) VALUES ('80000915','41');
INSERT INTO `items`(`id`, `description`, `category_id`, `price_id`, `stock_id`) VALUES ('80000916','vivo X21i', '80', '80000916', '80000916');
INSERT INTO `price`(`id`, `price`) VALUES ('80000916','41');
INSERT INTO `stock`(`id`, `quantity`) VALUES ('80000916','32');
INSERT INTO `items`(`id`, `description`, `category_id`, `price_id`, `stock_id`) VALUES ('80000917','vivo X5', '80', '80000917', '80000917');
INSERT INTO `price`(`id`, `price`) VALUES ('80000917','34');
INSERT INTO `stock`(`id`, `quantity`) VALUES ('80000917','40');
INSERT INTO `items`(`id`, `description`, `category_id`, `price_id`, `stock_id`) VALUES ('80000918','vivo X50 5G', '80', '80000918', '80000918');
INSERT INTO `price`(`id`, `price`) VALUES ('80000918','51');
INSERT INTO `stock`(`id`, `quantity`) VALUES ('80000918','60');
INSERT INTO `items`(`id`, `description`, `category_id`, `price_id`, `stock_id`) VALUES ('80000919','vivo Xplay3S', '80', '80000919', '80000919');
INSERT INTO `price`(`id`, `price`) VALUES ('80000919','72');
INSERT INTO `stock`(`id`, `quantity`) VALUES ('80000919','54');
INSERT INTO `items`(`id`, `description`, `category_id`, `price_id`, `stock_id`) VALUES ('80000920','vivo Y53', '80', '80000920', '80000920');
INSERT INTO `price`(`id`, `price`) VALUES ('80000920','66');
INSERT INTO `stock`(`id`, `quantity`) VALUES ('80000920','47');
INSERT INTO `items`(`id`, `description`, `category_id`, `price_id`, `stock_id`) VALUES ('80000921','vivo Y69', '80', '80000921', '80000921');
INSERT INTO `price`(`id`, `price`) VALUES ('80000921','61');
INSERT INTO `stock`(`id`, `quantity`) VALUES ('80000921','67');
INSERT INTO `items`(`id`, `description`, `category_id`, `price_id`, `stock_id`) VALUES ('80000922','vivo Y70s', '80', '80000922', '80000922');
INSERT INTO `price`(`id`, `price`) VALUES ('80000922','70');
INSERT INTO `stock`(`id`, `quantity`) VALUES ('80000922','46');
INSERT INTO `items`(`id`, `description`, `category_id`, `price_id`, `stock_id`) VALUES ('80000923','vivo Y71i', '80', '80000923', '80000923');
INSERT INTO `price`(`id`, `price`) VALUES ('80000923','89');
INSERT INTO `stock`(`id`, `quantity`) VALUES ('80000923','11');
INSERT INTO `items`(`id`, `description`, `category_id`, `price_id`, `stock_id`) VALUES ('80000924','vivo Z5x', '80', '80000924', '80000924');
INSERT INTO `price`(`id`, `price`) VALUES ('80000924','18');
INSERT INTO `stock`(`id`, `quantity`) VALUES ('80000924','9');
INSERT INTO `items`(`id`, `description`, `category_id`, `price_id`, `stock_id`) VALUES ('80000925','vivo Z6 5G', '80', '80000925', '80000925');
INSERT INTO `price`(`id`, `price`) VALUES ('80000925','75');
INSERT INTO `stock`(`id`, `quantity`) VALUES ('80000925','84');
INSERT INTO `items`(`id`, `description`, `category_id`, `price_id`, `stock_id`) VALUES ('80000926','vivo iQOO Pro 5G', '80', '80000926', '80000926');
INSERT INTO `price`(`id`, `price`) VALUES ('80000926','39');
INSERT INTO `stock`(`id`, `quantity`) VALUES ('80000926','15');
INSERT INTO `items`(`id`, `description`, `category_id`, `price_id`, `stock_id`) VALUES ('80000927','vivo iQOO U1x', '80', '80000927', '80000927');
INSERT INTO `price`(`id`, `price`) VALUES ('80000927','25');
INSERT INTO `stock`(`id`, `quantity`) VALUES ('80000927','66');
